
-- Import Organization --
INSERT INTO organisasi (id, nama, alamat, is_poltekkes, klasifikasi, kode_pddikti) VALUES('2','Poltekkes Kemenkes NAD', 'Jalan Soekarno-Hatta Kampus Terpadu Poltekkes Aceh, Aceh Besar, Kab. Aceh Barat - Prop. Aceh - Indonesia', true, 2, '405001' );
INSERT INTO organisasi (id, nama, alamat, is_poltekkes, klasifikasi, kode_pddikti) VALUES('3','Poltekkes Kemenkes Medan', 'Jl. Jamin Ginting KM. 13,5 Kel. Lau Cih Medan - Tuntungan, Kota Medan - Prop. Sumatera Utara - Indonesia', true, 1, '405002' );
INSERT INTO organisasi (id, nama, alamat, is_poltekkes, klasifikasi, kode_pddikti) VALUES('4','Poltekkes Kemenkes Riau', 'Jl. Melur 103, Sukajadi, Pekanbaru, Kota Pekanbaru - Prop. Riau - Indonesia', true, 3, '405003' );
INSERT INTO organisasi (id, nama, alamat, is_poltekkes, klasifikasi, kode_pddikti) VALUES('5','Poltekkes Kemenkes Padang', 'Simpang Pondok Kopi Nanggalo Padang, Kota Padang - Prop. Sumatera Barat - Indonesia', true, 2, '405004' );
INSERT INTO organisasi (id, nama, alamat, is_poltekkes, klasifikasi, kode_pddikti) VALUES('6','Poltekkes Kemenkes Jambi', 'JL. Haji Agus Salim Nomor 09 Kota Baru - Jambi, Kec. Kota Baru - Kota Jambi - Prop. Jambi', true, 3, '405005' );
INSERT INTO organisasi (id, nama, alamat, is_poltekkes, klasifikasi, kode_pddikti) VALUES('7','Poltekkes Kemenkes Bengkulu', 'Jalan Indra Giri No. 3 Padang Harapan, Kota Bengkulu - Prop. Bengkulu - Indonesia', true, 2, '405006' );
INSERT INTO organisasi (id, nama, alamat, is_poltekkes, klasifikasi, kode_pddikti) VALUES('8','Poltekkes Kemenkes Palembang', 'Jl.Jenderal Sudirman Km.3,5 Komplek RSMH No.1365 samping masjid Ash-Shofa Palem, Kota Palembang - Prop. Sumatera Selatan - Indonesia', true, 2, '405007' );
INSERT INTO organisasi (id, nama, alamat, is_poltekkes, klasifikasi, kode_pddikti) VALUES('9','Poltekkes Kemenkes Jakarta I', 'Jl. Wijayakusuma Raya No. 47-48 Cilandak Barat, Kota Jakarta Selatan - Prop. D.K.I. Jakarta - Indonesia', true, 2, '405008' );
INSERT INTO organisasi (id, nama, alamat, is_poltekkes, klasifikasi, kode_pddikti) VALUES('10','Poltekkes Kemenkes Jakarta II', 'Jl.Hang Jebat III Blok F/3 Kelurahan Gunung Kecamatan Kebayoran Baru Jakarta Se, Kota Jakarta Selatan - Prop. D.K.I. Jakarta - Indonesia', true, 2, '405009' );
INSERT INTO organisasi (id, nama, alamat, is_poltekkes, klasifikasi, kode_pddikti) VALUES('11','Poltekkes Kemenkes Jakarta III', 'Jalan Arteri JORR Jatiwarna, Kec. Pondok Melati, Bekasi, Kota Bekasi - Prop. Jawa Barat - Indonesia', true, 1, '405010' );
INSERT INTO organisasi (id, nama, alamat, is_poltekkes, klasifikasi, kode_pddikti) VALUES('12','Poltekkes Kemenkes Bandung', 'Jl. Pajajaran No. 56, Kota Bandung - Prop. Jawa Barat - Indonesia', true, 1, '405011' );
INSERT INTO organisasi (id, nama, alamat, is_poltekkes, klasifikasi, kode_pddikti) VALUES('13','Poltekkes Kemenkes Tasikmalaya', 'Jl. Cilolohan No. 35 Tasikmalaya, Kota Tasikmalaya - Prop. Jawa Barat - Indonesia', true, 1, '405012' );
INSERT INTO organisasi (id, nama, alamat, is_poltekkes, klasifikasi, kode_pddikti) VALUES('14','Poltekkes Kemenkes Semarang', 'Jl. Tirto Agung Pedalangan Banyumanik Semarang, Kota Semarang - Prop. Jawa Tengah - Indonesia', true, 1, '405013' );
INSERT INTO organisasi (id, nama, alamat, is_poltekkes, klasifikasi, kode_pddikti) VALUES('15','Poltekkes Kemenkes Surakarta', 'Jl. Letjend. Sutoyo Mojosongo Surakarta, Kota Surakarta - Prop. Jawa Tengah - Indonesia', true, 1, '405014' );
INSERT INTO organisasi (id, nama, alamat, is_poltekkes, klasifikasi, kode_pddikti) VALUES('16','Poltekkes Kemenkes Yogyakarta', 'Jl. Tatabumi No. 3 Banyuraden, Gamping, Sleman, DI.Yogyakarta, Kota Yogyakarta - Prop. D.I. Yogyakarta - Indonesia', true, 1, '405015' );
INSERT INTO organisasi (id, nama, alamat, is_poltekkes, klasifikasi, kode_pddikti) VALUES('17','Poltekkes Kemenkes Surabaya', 'Jln. Pucang Jajar Tengah no 56 Surabaya., Kota Surabaya - Prop. Jawa Timur - Indonesia', true, 1, '405016' );
INSERT INTO organisasi (id, nama, alamat, is_poltekkes, klasifikasi, kode_pddikti) VALUES('18','Poltekkes Kemenkes Malang', 'JL. BESAR IJEN NO 77 C MALANG, Kota Malang - Prop. Jawa Timur - Indonesia', true, 1, '405017' );
INSERT INTO organisasi (id, nama, alamat, is_poltekkes, klasifikasi, kode_pddikti) VALUES('19','Poltekkes Kemenkes Denpasar', 'Jl. Sanitasi No. 1 Sidakarya, Denpasar, Bali, Kota Denpasar - Prop. Bali - Indonesia', true, 2, '405018' );
INSERT INTO organisasi (id, nama, alamat, is_poltekkes, klasifikasi, kode_pddikti) VALUES('20','Poltekkes Kemenkes Mataram', 'Jl. Praburangkasari Dasan Cermen Mataram, Kota Mataram - Prop. Nusa Tenggara Barat - Indonesia', true, 3, '405019' );
INSERT INTO organisasi (id, nama, alamat, is_poltekkes, klasifikasi, kode_pddikti) VALUES('21','Poltekkes Kemenkes Kupang', 'Jln. Piet A. Tallo-Liliba-Kupang-NTT, Kota Kupang - Prop. Nusa Tenggara Timur - Indonesia', true, 2, '405020' );
INSERT INTO organisasi (id, nama, alamat, is_poltekkes, klasifikasi, kode_pddikti) VALUES('22','Poltekkes Kemenkes Pontianak', 'Jl. 28 Oktober Siantan Hulu Pontianak, Kota Pontianak - Prop. Kalimantan Barat - Indonesia', true, 2, '405021' );
INSERT INTO organisasi (id, nama, alamat, is_poltekkes, klasifikasi, kode_pddikti) VALUES('23','Poltekkes Kemenkes Banjarmasin', 'Jl. Mistar Cokrokusumo No. 1A Banjarbaru Kalimantan Selatan, Kota Banjarbaru - Prop. Kalimantan Selatan - Indonesia', true, 2, '405022' );
INSERT INTO organisasi (id, nama, alamat, is_poltekkes, klasifikasi, kode_pddikti) VALUES('24','Poltekkes Kemenkes Manado', 'Jl. R. W. Mongisidi Malalayang II Manado, Kota Manado - Prop. Sulawesi Utara - Indonesia', true, 2, '405025' );
INSERT INTO organisasi (id, nama, alamat, is_poltekkes, klasifikasi, kode_pddikti) VALUES('25','Poltekkes Kemenkes Kalimantan Timur', 'Jl. Kurnia Makmur No. 64 Samarinda, Kota Samarinda - Prop. Kalimantan Timur - Indonesia', true, 2, '405024' );
INSERT INTO organisasi (id, nama, alamat, is_poltekkes, klasifikasi, kode_pddikti) VALUES('26','Poltekkes Kemenkes Palangkaraya', 'Jalan George Obos No. 30 / 32, Kota Palangka Raya - Prop. Kalimantan Tengah - Indonesia', true, 3, '405023' );
INSERT INTO organisasi (id, nama, alamat, is_poltekkes, klasifikasi, kode_pddikti) VALUES('27','Poltekkes Kemenkes Palu', 'Jl. Thalua Konchi. No. 19 Mamboro Palu Utara, Kota Palu - Prop. Sulawesi Tengah - Indonesia', true, 3, '405026' );
INSERT INTO organisasi (id, nama, alamat, is_poltekkes, klasifikasi, kode_pddikti) VALUES('28','Poltekkes Kemenkes Makassar', 'Jl. Bendungan Bili-bili No. 1 Tidung Kelurahan Karunrung Makassar, Kota Makassar - Prop. Sulawesi Selatan - Indonesia', true, 1, '405027' );
INSERT INTO organisasi (id, nama, alamat, is_poltekkes, klasifikasi, kode_pddikti) VALUES('29','Poltekkes Kemenkes Kendari', 'Jl. Jend. A.H. Nasution. No. G.14 Anduonohu, Kota Kendari, Kota Kendari - Prop. Sulawesi Tenggara - Indonesia', true, 2, '405028' );
INSERT INTO organisasi (id, nama, alamat, is_poltekkes, klasifikasi, kode_pddikti) VALUES('30','Poltekkes Kemenkes Maluku', 'Jl. Laksda Leo Wattimena Negeri Lama, Ambon, Prop. Maluku- Indonesia', true, 3, '405029' );
INSERT INTO organisasi (id, nama, alamat, is_poltekkes, klasifikasi, kode_pddikti) VALUES('31','Poltekkes Kemenkes Ternate', 'Jl. Cempaka, Kelurahan Tanah Tinggi Barat, Ternate Selatan, Kota Ternate - Prop. Maluku Utara - Indonesia', true, 3, '405030' );
INSERT INTO organisasi (id, nama, alamat, is_poltekkes, klasifikasi, kode_pddikti) VALUES('32','Poltekkes Kemenkes Jayapura', 'Jl. Padang Bulan II Kelurahan Hedam Distrik Heram, Kota Jayapura - Prop. Papua - Indonesia', true, 2, '405031' );
INSERT INTO organisasi (id, nama, alamat, is_poltekkes, klasifikasi, kode_pddikti) VALUES('33','Poltekkes Kemenkes Gorontalo', 'Jl. Taman Pendidikan No. 36, Gorontalo, Prop. Gorontalo - Indonesia', true, 3, '405032' );
INSERT INTO organisasi (id, nama, alamat, is_poltekkes, klasifikasi, kode_pddikti) VALUES('34','Poltekkes Kemenkes Banten', 'Jl. Syekh Nawawi Al-Bantani, Kelurahan Banjarsari, Kecamatan Cipocok Jaya, Kota Serang - Prop. Banten - Indonesia', true, 2, '405033' );
INSERT INTO organisasi (id, nama, alamat, is_poltekkes, klasifikasi, kode_pddikti) VALUES('35','Poltekkes Kemenkes Pangkal Pinang', 'Komplek Perkantoran dan Pemukiman Terpadu Pemprov Bangka Belitung Jalan Pulau Ba, Kota Pangkalpinang - Prop. Bangka Belitung - Indonesia', true, 3, '405035' );
INSERT INTO organisasi (id, nama, alamat, is_poltekkes, klasifikasi, kode_pddikti) VALUES('36','Poltekkes Kemenkes Tanjung Pinang', 'Jl. Arif Rahman Hakim No.1 Tanjungpinang, Kota Tanjungpinang - Prop. Kepulauan Riau - Indonesia', true, 3, '405036' );
INSERT INTO organisasi (id, nama, alamat, is_poltekkes, klasifikasi, kode_pddikti) VALUES('37','Poltekkes Kemenkes Mamuju', 'Jl. Poros Mamuju - Kalukku Km.16 Mamuju, Sulawesi Barat, Kab. Mamuju - Prop. Sulawesi Barat - Indonesia', true, 3, '405037' );
INSERT INTO organisasi (id, nama, alamat, is_poltekkes, klasifikasi, kode_pddikti) VALUES('38','Poltekkes Kemenkes Sorong', 'Jalan Basuki Rahmat Km 11 Sorong, Kota Sorong - Prop. Papua Barat - Indonesia', true, 3, '405038' );
INSERT INTO organisasi (id, nama, alamat, is_poltekkes, klasifikasi, kode_pddikti) VALUES('39','Poltekkes Kemenkes Tanjung Karang', 'Jl. Soekarno Hatta No. 6 Bandar Lampung, Kota Bandar Lampung - Prop. Lampung - Indonesia', true, 2, '405034' );


-- Import PPSDM --

INSERT INTO userweb (id, username, password, nip, nama, email, is_active, id_organisasi) VALUES((SELECT nextval('userweb_id_seq')),'akemat68@gmail.com','$2a$10$XlhmAJDYjbUyJUSRvGXH7OFdrkKchEtehFsj48kRPerPGnjR5Zluu','196810281994031005','Akemat','akemat68@gmail.com',true,1);
INSERT INTO userweb (id, username, password, nip, nama, email, is_active, id_organisasi) VALUES((SELECT nextval('userweb_id_seq')),'zaidan73@gmail.com ','$2a$10$XlhmAJDYjbUyJUSRvGXH7OFdrkKchEtehFsj48kRPerPGnjR5Zluu','197306181995031001','Zaeni Dahlan','zaidan73@gmail.com ',true,1);
INSERT INTO userweb (id, username, password, nip, nama, email, is_active, id_organisasi) VALUES((SELECT nextval('userweb_id_seq')),'irawatieric@gmail.com','$2a$10$XlhmAJDYjbUyJUSRvGXH7OFdrkKchEtehFsj48kRPerPGnjR5Zluu','198301222008122003','Eric Irawati','irawatieric@gmail.com',true,1);
INSERT INTO userweb (id, username, password, nip, nama, email, is_active, id_organisasi) VALUES((SELECT nextval('userweb_id_seq')),'dedisuryana177@gmail.com','$2a$10$XlhmAJDYjbUyJUSRvGXH7OFdrkKchEtehFsj48kRPerPGnjR5Zluu','-','Dedi Suryana','dedisuryana177@gmail.com',true,1);
INSERT INTO userweb (id, username, password, nip, nama, email, is_active, id_organisasi) VALUES((SELECT nextval('userweb_id_seq')),'dr.dhanykurniawan@gmail.com','$2a$10$XlhmAJDYjbUyJUSRvGXH7OFdrkKchEtehFsj48kRPerPGnjR5Zluu','198103292010121002','Dhany Kurniawan','dr.dhanykurniawan@gmail.com',true,1);

INSERT INTO userweb_has_role (id, id_userweb , id_role) VALUES((SELECT nextval('userweb_has_role_id_seq')),(select id from userweb where username = 'akemat68@gmail.com'), '9');
INSERT INTO userweb_has_role (id, id_userweb , id_role) VALUES((SELECT nextval('userweb_has_role_id_seq')),(select id from userweb where username = 'zaidan73@gmail.com '), '9');
INSERT INTO userweb_has_role (id, id_userweb , id_role) VALUES((SELECT nextval('userweb_has_role_id_seq')),(select id from userweb where username = 'irawatieric@gmail.com'), '9');
INSERT INTO userweb_has_role (id, id_userweb , id_role) VALUES((SELECT nextval('userweb_has_role_id_seq')),(select id from userweb where username = 'dedisuryana177@gmail.com'), '26');
INSERT INTO userweb_has_role (id, id_userweb , id_role) VALUES((SELECT nextval('userweb_has_role_id_seq')),(select id from userweb where username = 'dr.dhanykurniawan@gmail.com'), '9');


-- Import PPM --

INSERT INTO userweb (id, username, password, nip, nama, email, is_active, id_organisasi) VALUES((SELECT nextval('userweb_id_seq')),'kherusubaris@gmail.com','$2a$10$XlhmAJDYjbUyJUSRvGXH7OFdrkKchEtehFsj48kRPerPGnjR5Zluu','196606211989021001','Dr. Heru Subaris Kasjono, SKM, M.Kes.','kherusubaris@gmail.com',true,'16');
INSERT INTO userweb (id, username, password, nip, nama, email, is_active, id_organisasi) VALUES((SELECT nextval('userweb_id_seq')),'iskpande2002@gmail.com','$2a$10$XlhmAJDYjbUyJUSRvGXH7OFdrkKchEtehFsj48kRPerPGnjR5Zluu','197001051994031003','Slamet Iskandar, SKM, M.Kes.','iskpande2002@gmail.com',true,'16');
INSERT INTO userweb (id, username, password, nip, nama, email, is_active, id_organisasi) VALUES((SELECT nextval('userweb_id_seq')),'pratamawati@gmail.com','$2a$10$XlhmAJDYjbUyJUSRvGXH7OFdrkKchEtehFsj48kRPerPGnjR5Zluu','198406022010122003','Diana Andriyani Pratamawati, S.Sos','pratamawati@gmail.com',true,'16');
INSERT INTO userweb (id, username, password, nip, nama, email, is_active, id_organisasi) VALUES((SELECT nextval('userweb_id_seq')),'prihatinsari81@gmail.com','$2a$10$XlhmAJDYjbUyJUSRvGXH7OFdrkKchEtehFsj48kRPerPGnjR5Zluu','198109072002122001','Sari Prihatin, S.ST.M.Keb','prihatinsari81@gmail.com',true,'31');
INSERT INTO userweb (id, username, password, nip, nama, email, is_active, id_organisasi) VALUES((SELECT nextval('userweb_id_seq')),'restynsun@gmai.com','$2a$10$XlhmAJDYjbUyJUSRvGXH7OFdrkKchEtehFsj48kRPerPGnjR5Zluu','199003212019022002','Susan Arba, S.Kep,Ns.,M.KL','restynsun@gmai.com',true,'31');
INSERT INTO userweb (id, username, password, nip, nama, email, is_active, id_organisasi) VALUES((SELECT nextval('userweb_id_seq')),'kamelia.emma@gmail.com','$2a$10$XlhmAJDYjbUyJUSRvGXH7OFdrkKchEtehFsj48kRPerPGnjR5Zluu','196609301993122001','Dr.drg.Emma Kamelia, M.Biomed','kamelia.emma@gmail.com',true,'13');
INSERT INTO userweb (id, username, password, nip, nama, email, is_active, id_organisasi) VALUES((SELECT nextval('userweb_id_seq')),'diahnsutardjo@gmail.com','$2a$10$XlhmAJDYjbUyJUSRvGXH7OFdrkKchEtehFsj48kRPerPGnjR5Zluu','198409232015032003','Diah Nurlita,SKM,MARS','diahnsutardjo@gmail.com',true,'13');
INSERT INTO userweb (id, username, password, nip, nama, email, is_active, id_organisasi) VALUES((SELECT nextval('userweb_id_seq')),'irianti.biru@gmail.com','$2a$10$XlhmAJDYjbUyJUSRvGXH7OFdrkKchEtehFsj48kRPerPGnjR5Zluu','198702262019022001','Bayu Irianti, M.Keb','irianti.biru@gmail.com',true,'13');
INSERT INTO userweb (id, username, password, nip, nama, email, is_active, id_organisasi) VALUES((SELECT nextval('userweb_id_seq')),'diahdiah0948@gmail.com','$2a$10$XlhmAJDYjbUyJUSRvGXH7OFdrkKchEtehFsj48kRPerPGnjR5Zluu','198003012001122001','Mardiah,SKM.,M.Kes','diahdiah0948@gmail.com',true,'36');
INSERT INTO userweb (id, username, password, nip, nama, email, is_active, id_organisasi) VALUES((SELECT nextval('userweb_id_seq')),'salina.junaidi@yahoo.co.id','$2a$10$XlhmAJDYjbUyJUSRvGXH7OFdrkKchEtehFsj48kRPerPGnjR5Zluu','198205152010122001','Salina','salina.junaidi@yahoo.co.id',true,'36');
INSERT INTO userweb (id, username, password, nip, nama, email, is_active, id_organisasi) VALUES((SELECT nextval('userweb_id_seq')),'minda.maira@gmail.com','$2a$10$XlhmAJDYjbUyJUSRvGXH7OFdrkKchEtehFsj48kRPerPGnjR5Zluu','-','Minda Maira Nurullyni','minda.maira@gmail.com',true,'36');
INSERT INTO userweb (id, username, password, nip, nama, email, is_active, id_organisasi) VALUES((SELECT nextval('userweb_id_seq')),'lisakausar@yahoo.co.id','$2a$10$XlhmAJDYjbUyJUSRvGXH7OFdrkKchEtehFsj48kRPerPGnjR5Zluu','197108101994032002','LISA SUARNI, S.Kp.M.Kep.Sp.Mat','lisakausar@yahoo.co.id',true,'39');
INSERT INTO userweb (id, username, password, nip, nama, email, is_active, id_organisasi) VALUES((SELECT nextval('userweb_id_seq')),'it.tjk15@gmail.com','$2a$10$XlhmAJDYjbUyJUSRvGXH7OFdrkKchEtehFsj48kRPerPGnjR5Zluu','','HUSTNY KHOTIMAH','it.tjk15@gmail.com',true,'39');
INSERT INTO userweb (id, username, password, nip, nama, email, is_active, id_organisasi) VALUES((SELECT nextval('userweb_id_seq')),'yustin_nurkhoiriyah@yahoo.co.id','$2a$10$XlhmAJDYjbUyJUSRvGXH7OFdrkKchEtehFsj48kRPerPGnjR5Zluu','198708052012122002','YUSTIN NUR KHOIRIYAH, S.Si., M.Sc','yustin_nurkhoiriyah@yahoo.co.id',true,'39');
INSERT INTO userweb (id, username, password, nip, nama, email, is_active, id_organisasi) VALUES((SELECT nextval('userweb_id_seq')),'setyorini.yuyun@gmail.com','$2a$10$XlhmAJDYjbUyJUSRvGXH7OFdrkKchEtehFsj48kRPerPGnjR5Zluu','197506041998032003','Yuyun Setyorini, S.Kp, Ners, M.Kep','setyorini.yuyun@gmail.com',true,'15');
INSERT INTO userweb (id, username, password, nip, nama, email, is_active, id_organisasi) VALUES((SELECT nextval('userweb_id_seq')),'kurniamahananig@gmail.com','$2a$10$XlhmAJDYjbUyJUSRvGXH7OFdrkKchEtehFsj48kRPerPGnjR5Zluu','198517102010122002','Gamma Kurnia Mahanani, SKM','kurniamahananig@gmail.com',true,'15');
INSERT INTO userweb (id, username, password, nip, nama, email, is_active, id_organisasi) VALUES((SELECT nextval('userweb_id_seq')),'melinda.yusanti@gmail.com','$2a$10$XlhmAJDYjbUyJUSRvGXH7OFdrkKchEtehFsj48kRPerPGnjR5Zluu','-','Melinda Putri Yusanti','melinda.yusanti@gmail.com',true,'15');
INSERT INTO userweb (id, username, password, nip, nama, email, is_active, id_organisasi) VALUES((SELECT nextval('userweb_id_seq')),'setiawan.jemblung@yahoo.co.id','$2a$10$XlhmAJDYjbUyJUSRvGXH7OFdrkKchEtehFsj48kRPerPGnjR5Zluu','196304211985031005','Setiawan, SKM.,M.Psi','setiawan.jemblung@yahoo.co.id',true,'17');
INSERT INTO userweb (id, username, password, nip, nama, email, is_active, id_organisasi) VALUES((SELECT nextval('userweb_id_seq')),'herysumasto@yahoo.co.id','$2a$10$XlhmAJDYjbUyJUSRvGXH7OFdrkKchEtehFsj48kRPerPGnjR5Zluu','196801041988031003','Hery Sumasto, S.Kep.,Ns.,M.M.Kes','herysumasto@yahoo.co.id',true,'17');
INSERT INTO userweb (id, username, password, nip, nama, email, is_active, id_organisasi) VALUES((SELECT nextval('userweb_id_seq')),'fitri.rokhmalia-13@fkm.unair.ac.id','$2a$10$XlhmAJDYjbUyJUSRvGXH7OFdrkKchEtehFsj48kRPerPGnjR5Zluu','198805272010122004','Fitri Rokhmalia, SST.,M.KL','fitri.rokhmalia-13@fkm.unair.ac.id',true,'17');
INSERT INTO userweb (id, username, password, nip, nama, email, is_active, id_organisasi) VALUES((SELECT nextval('userweb_id_seq')),'normaepid@gmail.com','$2a$10$XlhmAJDYjbUyJUSRvGXH7OFdrkKchEtehFsj48kRPerPGnjR5Zluu','198209082012122001','Norma, M.Kes','normaepid@gmail.com',true,'38');
INSERT INTO userweb (id, username, password, nip, nama, email, is_active, id_organisasi) VALUES((SELECT nextval('userweb_id_seq')),'yogik.setia89@gmail.com','$2a$10$XlhmAJDYjbUyJUSRvGXH7OFdrkKchEtehFsj48kRPerPGnjR5Zluu','198901282019022001','Yogik Setia Anggreini, Ners, M.MedEd','yogik.setia89@gmail.com',true,'38');
INSERT INTO userweb (id, username, password, nip, nama, email, is_active, id_organisasi) VALUES((SELECT nextval('userweb_id_seq')),'iyotamirkha@gmail.com','$2a$10$XlhmAJDYjbUyJUSRvGXH7OFdrkKchEtehFsj48kRPerPGnjR5Zluu','19900412 201902 1 001','Mustamir Kamarudin, M.Kes','iyotamirkha@gmail.com',true,'38');
INSERT INTO userweb (id, username, password, nip, nama, email, is_active, id_organisasi) VALUES((SELECT nextval('userweb_id_seq')),'rizqikamalah@gmail.com','$2a$10$XlhmAJDYjbUyJUSRvGXH7OFdrkKchEtehFsj48kRPerPGnjR5Zluu','198812112019022001','Rizqi Kamalah, S.ST,M.Keb','rizqikamalah@gmail.com',true,'38');
INSERT INTO userweb (id, username, password, nip, nama, email, is_active, id_organisasi) VALUES((SELECT nextval('userweb_id_seq')),'caturanitasari88@gmail.com','$2a$10$XlhmAJDYjbUyJUSRvGXH7OFdrkKchEtehFsj48kRPerPGnjR5Zluu','199107212018022001','Catur Anita Sari, S.ST','caturanitasari88@gmail.com',true,'38');
INSERT INTO userweb (id, username, password, nip, nama, email, is_active, id_organisasi) VALUES((SELECT nextval('userweb_id_seq')),'choirul1960@gmail.com','$2a$10$XlhmAJDYjbUyJUSRvGXH7OFdrkKchEtehFsj48kRPerPGnjR5Zluu','196011291982071001','Dr. M. Choiroel Anwar, SKM, M.Kes.(Epid)','choirul1960@gmail.com',true,'14');
INSERT INTO userweb (id, username, password, nip, nama, email, is_active, id_organisasi) VALUES((SELECT nextval('userweb_id_seq')),'fatmasaridiyah@gmail.com','$2a$10$XlhmAJDYjbUyJUSRvGXH7OFdrkKchEtehFsj48kRPerPGnjR5Zluu','196709101993022001','Dr. drg. Diyah Fatmasari, MDSc.','fatmasaridiyah@gmail.com',true,'14');
INSERT INTO userweb (id, username, password, nip, nama, email, is_active, id_organisasi) VALUES((SELECT nextval('userweb_id_seq')),'sunarto.gizi@gmail.com','$2a$10$XlhmAJDYjbUyJUSRvGXH7OFdrkKchEtehFsj48kRPerPGnjR5Zluu','196403091988011003','Sunarto, SKM, M.Kes.','sunarto.gizi@gmail.com',true,'14');
INSERT INTO userweb (id, username, password, nip, nama, email, is_active, id_organisasi) VALUES((SELECT nextval('userweb_id_seq')),'marichatuljannah@poltekkes-smg.ac.id','$2a$10$XlhmAJDYjbUyJUSRvGXH7OFdrkKchEtehFsj48kRPerPGnjR5Zluu','199107202018012001','Marichatul Jannah, S.ST, M.Kes.','marichatuljannah@poltekkes-smg.ac.id',true,'14');
INSERT INTO userweb (id, username, password, nip, nama, email, is_active, id_organisasi) VALUES((SELECT nextval('userweb_id_seq')),'dian.enjas@gmail.com','$2a$10$XlhmAJDYjbUyJUSRvGXH7OFdrkKchEtehFsj48kRPerPGnjR5Zluu','198605282010122002','Dian Enjas Ramasputri, SKM','dian.enjas@gmail.com',true,'14');
INSERT INTO userweb (id, username, password, nip, nama, email, is_active, id_organisasi) VALUES((SELECT nextval('userweb_id_seq')),'rosafaradila13@gmail.com','$2a$10$XlhmAJDYjbUyJUSRvGXH7OFdrkKchEtehFsj48kRPerPGnjR5Zluu','199703130250','Rosa Faradila, SKM','rosafaradila13@gmail.com',true,'14');
INSERT INTO userweb (id, username, password, nip, nama, email, is_active, id_organisasi) VALUES((SELECT nextval('userweb_id_seq')),'fauzanmaruf@gmail.com','$2a$10$XlhmAJDYjbUyJUSRvGXH7OFdrkKchEtehFsj48kRPerPGnjR5Zluu','198901180197','Fauzan Maruf, S.ST','fauzanmaruf@gmail.com',true,'14');
INSERT INTO userweb (id, username, password, nip, nama, email, is_active, id_organisasi) VALUES((SELECT nextval('userweb_id_seq')),'aslis@pkr.ac.id','$2a$10$XlhmAJDYjbUyJUSRvGXH7OFdrkKchEtehFsj48kRPerPGnjR5Zluu','197008282001122002','Dr. Aslis Wirda Hayati, SP, M.SI','aslis@pkr.ac.id',true,'4');
INSERT INTO userweb (id, username, password, nip, nama, email, is_active, id_organisasi) VALUES((SELECT nextval('userweb_id_seq')),'ira@pkr.ac.id','$2a$10$XlhmAJDYjbUyJUSRvGXH7OFdrkKchEtehFsj48kRPerPGnjR5Zluu','198610212019022001','Ira Oktaviani Rz, S. Farm, Apt, M.Farm','ira@pkr.ac.id',true,'4');
INSERT INTO userweb (id, username, password, nip, nama, email, is_active, id_organisasi) VALUES((SELECT nextval('userweb_id_seq')),'dita@pkr.ac.id','$2a$10$XlhmAJDYjbUyJUSRvGXH7OFdrkKchEtehFsj48kRPerPGnjR5Zluu','198705022010012019','Adita Ratnawidi, S.Farm','dita@pkr.ac.id',true,'4');
INSERT INTO userweb (id, username, password, nip, nama, email, is_active, id_organisasi) VALUES((SELECT nextval('userweb_id_seq')),'edywaliyo.gizi@gmail.com','$2a$10$XlhmAJDYjbUyJUSRvGXH7OFdrkKchEtehFsj48kRPerPGnjR5Zluu','197306161997031002','Edy Waliyo, S.Gz.M.Gizi','edywaliyo.gizi@gmail.com',true,'22');
INSERT INTO userweb (id, username, password, nip, nama, email, is_active, id_organisasi) VALUES((SELECT nextval('userweb_id_seq')),'maulidiyahsalim@gmail.com','$2a$10$XlhmAJDYjbUyJUSRvGXH7OFdrkKchEtehFsj48kRPerPGnjR5Zluu','197404121996032001','Maulidiyah Salim,SK,M.Kes','maulidiyahsalim@gmail.com',true,'22');
INSERT INTO userweb (id, username, password, nip, nama, email, is_active, id_organisasi) VALUES((SELECT nextval('userweb_id_seq')),'mahira_05@yahoo.co.id','$2a$10$XlhmAJDYjbUyJUSRvGXH7OFdrkKchEtehFsj48kRPerPGnjR5Zluu','197308082000121006','Jahri, S.SiT','mahira_05@yahoo.co.id',true,'22');
INSERT INTO userweb (id, username, password, nip, nama, email, is_active, id_organisasi) VALUES((SELECT nextval('userweb_id_seq')),'ernichaerani15@gmail.com','$2a$10$XlhmAJDYjbUyJUSRvGXH7OFdrkKchEtehFsj48kRPerPGnjR5Zluu','196806151991032003','Erni Chaerani, S.Pd, M.KM','ernichaerani15@gmail.com',true,'35');
INSERT INTO userweb (id, username, password, nip, nama, email, is_active, id_organisasi) VALUES((SELECT nextval('userweb_id_seq')),'ayufwulanda@gmail.com','$2a$10$XlhmAJDYjbUyJUSRvGXH7OFdrkKchEtehFsj48kRPerPGnjR5Zluu','198302032010122001','Ayu Febri Wulanda, SST, MKM','ayufwulanda@gmail.com',true,'35');
INSERT INTO userweb (id, username, password, nip, nama, email, is_active, id_organisasi) VALUES((SELECT nextval('userweb_id_seq')),'atybm27@gmail.com','$2a$10$XlhmAJDYjbUyJUSRvGXH7OFdrkKchEtehFsj48kRPerPGnjR5Zluu','198212272012122001','Nurhayati, SKM, M.Kes','atybm27@gmail.com',true,'35');
INSERT INTO userweb (id, username, password, nip, nama, email, is_active, id_organisasi) VALUES((SELECT nextval('userweb_id_seq')),'novidi2011@gmail.com','$2a$10$XlhmAJDYjbUyJUSRvGXH7OFdrkKchEtehFsj48kRPerPGnjR5Zluu','198311082010121002','Novidianto, MPH','novidi2011@gmail.com',true,'35');
INSERT INTO userweb (id, username, password, nip, nama, email, is_active, id_organisasi) VALUES((SELECT nextval('userweb_id_seq')),'teszapermata@gmail.com','$2a$10$XlhmAJDYjbUyJUSRvGXH7OFdrkKchEtehFsj48kRPerPGnjR5Zluu','199102042015032003','Tesza Rizki Permata, M.Keb','teszapermata@gmail.com',true,'35');
INSERT INTO userweb (id, username, password, nip, nama, email, is_active, id_organisasi) VALUES((SELECT nextval('userweb_id_seq')),'muhamadseto@gmail.com','$2a$10$XlhmAJDYjbUyJUSRvGXH7OFdrkKchEtehFsj48kRPerPGnjR5Zluu','198810142012121001','Muhamad Sto Sudirman, M.Si.Med','muhamadseto@gmail.com',true,'35');
INSERT INTO userweb (id, username, password, nip, nama, email, is_active, id_organisasi) VALUES((SELECT nextval('userweb_id_seq')),'hafid.fahmi79@gmail.com','$2a$10$XlhmAJDYjbUyJUSRvGXH7OFdrkKchEtehFsj48kRPerPGnjR5Zluu','197907272002121007','Fahmi Hafid., S.Gz., M.Kes','hafid.fahmi79@gmail.com',true,'27');
INSERT INTO userweb (id, username, password, nip, nama, email, is_active, id_organisasi) VALUES((SELECT nextval('userweb_id_seq')),'aminuddinpalu3@mail.com','$2a$10$XlhmAJDYjbUyJUSRvGXH7OFdrkKchEtehFsj48kRPerPGnjR5Zluu','197112221992031002','Aminuddin, S.Kep., Ns., M.Kes','aminuddinpalu3@mail.com',true,'27');
INSERT INTO userweb (id, username, password, nip, nama, email, is_active, id_organisasi) VALUES((SELECT nextval('userweb_id_seq')),'tkciichal@gmail.com','$2a$10$XlhmAJDYjbUyJUSRvGXH7OFdrkKchEtehFsj48kRPerPGnjR5Zluu','-','M. Faizal','tkciichal@gmail.com',true,'27');
INSERT INTO userweb (id, username, password, nip, nama, email, is_active, id_organisasi) VALUES((SELECT nextval('userweb_id_seq')),'sonlimar@poltekkespalembang.ac.id','$2a$10$XlhmAJDYjbUyJUSRvGXH7OFdrkKchEtehFsj48kRPerPGnjR5Zluu','196302141994021001','Dr. Sonlimar Mangunsong, Apt, M.Kes','sonlimar@poltekkespalembang.ac.id',true,'8');
INSERT INTO userweb (id, username, password, nip, nama, email, is_active, id_organisasi) VALUES((SELECT nextval('userweb_id_seq')),'fajriahpurnama89@gmail.com','$2a$10$XlhmAJDYjbUyJUSRvGXH7OFdrkKchEtehFsj48kRPerPGnjR5Zluu','198905222011012010','Fajriah Purnama, S.Gz','fajriahpurnama89@gmail.com',true,'8');
INSERT INTO userweb (id, username, password, nip, nama, email, is_active, id_organisasi) VALUES((SELECT nextval('userweb_id_seq')),'martafahrizal@yahoo.co.id','$2a$10$XlhmAJDYjbUyJUSRvGXH7OFdrkKchEtehFsj48kRPerPGnjR5Zluu','198303272010122001','Marta Pastari, S.kep, Ners, M.Kes','martafahrizal@yahoo.co.id',true,'8');
INSERT INTO userweb (id, username, password, nip, nama, email, is_active, id_organisasi) VALUES((SELECT nextval('userweb_id_seq')),'bambang@poltekkespalembang.ac.id','$2a$10$XlhmAJDYjbUyJUSRvGXH7OFdrkKchEtehFsj48kRPerPGnjR5Zluu','','Bambang Sudharmaji, Amd','bambang@poltekkespalembang.ac.id',true,'8');
INSERT INTO userweb (id, username, password, nip, nama, email, is_active, id_organisasi) VALUES((SELECT nextval('userweb_id_seq')),'mheriteluna@yahoo.com','$2a$10$XlhmAJDYjbUyJUSRvGXH7OFdrkKchEtehFsj48kRPerPGnjR5Zluu','197105151994031000','Dr. Marselinus Heriteluna, S.Kp, MA','mheriteluna@yahoo.com',true,'26');
INSERT INTO userweb (id, username, password, nip, nama, email, is_active, id_organisasi) VALUES((SELECT nextval('userweb_id_seq')),'sofizline@gmail.com','$2a$10$XlhmAJDYjbUyJUSRvGXH7OFdrkKchEtehFsj48kRPerPGnjR5Zluu','198112052002122001','Sofia Mawaddah, S.St., M.Keb','sofizline@gmail.com',true,'26');
INSERT INTO userweb (id, username, password, nip, nama, email, is_active, id_organisasi) VALUES((SELECT nextval('userweb_id_seq')),'yuniartiamit@yahoo.com','$2a$10$XlhmAJDYjbUyJUSRvGXH7OFdrkKchEtehFsj48kRPerPGnjR5Zluu','198406042006042001','Yuniarti, S.St., M.Kes','yuniartiamit@yahoo.com',true,'26');
INSERT INTO userweb (id, username, password, nip, nama, email, is_active, id_organisasi) VALUES((SELECT nextval('userweb_id_seq')),'irenefebrianiui@gmail.com','$2a$10$XlhmAJDYjbUyJUSRvGXH7OFdrkKchEtehFsj48kRPerPGnjR5Zluu','199202232019022001','Irene Febriani, S.Kep., MKM','irenefebrianiui@gmail.com',true,'26');
INSERT INTO userweb (id, username, password, nip, nama, email, is_active, id_organisasi) VALUES((SELECT nextval('userweb_id_seq')),'destinady.kmiden@gmail.com','$2a$10$XlhmAJDYjbUyJUSRvGXH7OFdrkKchEtehFsj48kRPerPGnjR5Zluu','-','Destinady Kadiser, S.Kep, MKM','destinady.kmiden@gmail.com',true,'26');
INSERT INTO userweb (id, username, password, nip, nama, email, is_active, id_organisasi) VALUES((SELECT nextval('userweb_id_seq')),'yulivabakar@yahoo.co.id','$2a$10$XlhmAJDYjbUyJUSRvGXH7OFdrkKchEtehFsj48kRPerPGnjR5Zluu','197307101993022001','Dr. Yuliva, S.Si.T, M.Kes','yulivabakar@yahoo.co.id',true,'5');
INSERT INTO userweb (id, username, password, nip, nama, email, is_active, id_organisasi) VALUES((SELECT nextval('userweb_id_seq')),'gusnedi02@gmail.com','$2a$10$XlhmAJDYjbUyJUSRvGXH7OFdrkKchEtehFsj48kRPerPGnjR5Zluu','','Dr. Gusnedi, STP, MPH','gusnedi02@gmail.com',true,'5');
INSERT INTO userweb (id, username, password, nip, nama, email, is_active, id_organisasi) VALUES((SELECT nextval('userweb_id_seq')),'alsriwindradoni@gmail.com','$2a$10$XlhmAJDYjbUyJUSRvGXH7OFdrkKchEtehFsj48kRPerPGnjR5Zluu','','Alsri Windra Doni, SE, M.CIO','alsriwindradoni@gmail.com',true,'5');
INSERT INTO userweb (id, username, password, nip, nama, email, is_active, id_organisasi) VALUES((SELECT nextval('userweb_id_seq')),'zn.poltekkesmedan@gmail.com','$2a$10$XlhmAJDYjbUyJUSRvGXH7OFdrkKchEtehFsj48kRPerPGnjR5Zluu','196101101989102001','Dr. Ir. Zuraidah Nasution, M.Kes','zn.poltekkesmedan@gmail.com',true,'3');
INSERT INTO userweb (id, username, password, nip, nama, email, is_active, id_organisasi) VALUES((SELECT nextval('userweb_id_seq')),'erlidaulay@gmail.com','$2a$10$XlhmAJDYjbUyJUSRvGXH7OFdrkKchEtehFsj48kRPerPGnjR5Zluu','196211191989022001','drg. Herlinawati, M.Kes','erlidaulay@gmail.com',true,'3');
INSERT INTO userweb (id, username, password, nip, nama, email, is_active, id_organisasi) VALUES((SELECT nextval('userweb_id_seq')),'likasiemitasebayang@gmail.com','$2a$10$XlhmAJDYjbUyJUSRvGXH7OFdrkKchEtehFsj48kRPerPGnjR5Zluu','196810201995012001','Likasi Emita Br.Sebayang,SKM, M.Kes','likasiemitasebayang@gmail.com',true,'3');
INSERT INTO userweb (id, username, password, nip, nama, email, is_active, id_organisasi) VALUES((SELECT nextval('userweb_id_seq')),'maruniwiwindiarti@yahoo.com','$2a$10$XlhmAJDYjbUyJUSRvGXH7OFdrkKchEtehFsj48kRPerPGnjR5Zluu','197401151994012001','Maruni Wiwin Diarti','maruniwiwindiarti@yahoo.com',true,'20');
INSERT INTO userweb (id, username, password, nip, nama, email, is_active, id_organisasi) VALUES((SELECT nextval('userweb_id_seq')),'ellyeutami@gmail.com','$2a$10$XlhmAJDYjbUyJUSRvGXH7OFdrkKchEtehFsj48kRPerPGnjR5Zluu','198410092010122001','Ellye Marrya Utami','ellyeutami@gmail.com',true,'20');
INSERT INTO userweb (id, username, password, nip, nama, email, is_active, id_organisasi) VALUES((SELECT nextval('userweb_id_seq')),'pupasurafany@gmail.com','$2a$10$XlhmAJDYjbUyJUSRvGXH7OFdrkKchEtehFsj48kRPerPGnjR5Zluu','-','Puspasari','pupasurafany@gmail.com',true,'20');
INSERT INTO userweb (id, username, password, nip, nama, email, is_active, id_organisasi) VALUES((SELECT nextval('userweb_id_seq')),'stevsoe01@gmail.com','$2a$10$XlhmAJDYjbUyJUSRvGXH7OFdrkKchEtehFsj48kRPerPGnjR5Zluu','197709222002121001','Steven Jacub Soenjono, SKM, M. Sc','stevsoe01@gmail.com',true,'24');
INSERT INTO userweb (id, username, password, nip, nama, email, is_active, id_organisasi) VALUES((SELECT nextval('userweb_id_seq')),'ingsoe86@gmail.com','$2a$10$XlhmAJDYjbUyJUSRvGXH7OFdrkKchEtehFsj48kRPerPGnjR5Zluu','198606232010122001','Inggrit Soewarno, SH','ingsoe86@gmail.com',true,'24');
INSERT INTO userweb (id, username, password, nip, nama, email, is_active, id_organisasi) VALUES((SELECT nextval('userweb_id_seq')),'rayditto.a.makalalag@gmail.com','$2a$10$XlhmAJDYjbUyJUSRvGXH7OFdrkKchEtehFsj48kRPerPGnjR5Zluu','-','Raiditto Makalalag, S. Kom','rayditto.a.makalalag@gmail.com',true,'24');
INSERT INTO userweb (id, username, password, nip, nama, email, is_active, id_organisasi) VALUES((SELECT nextval('userweb_id_seq')),'irmamuslimin.poltekkes@gmail.com','$2a$10$XlhmAJDYjbUyJUSRvGXH7OFdrkKchEtehFsj48kRPerPGnjR5Zluu','198711062015032002','Irma Muslimin','irmamuslimin.poltekkes@gmail.com',true,'37');
INSERT INTO userweb (id, username, password, nip, nama, email, is_active, id_organisasi) VALUES((SELECT nextval('userweb_id_seq')),'bukansiti_nurbaya@yahoo.com','$2a$10$XlhmAJDYjbUyJUSRvGXH7OFdrkKchEtehFsj48kRPerPGnjR5Zluu','198705112010122003','Nurbaya, S.GZ, M.Gizi','bukansiti_nurbaya@yahoo.com',true,'37');
INSERT INTO userweb (id, username, password, nip, nama, email, is_active, id_organisasi) VALUES((SELECT nextval('userweb_id_seq')),'syadhin79@gmail.com','$2a$10$XlhmAJDYjbUyJUSRvGXH7OFdrkKchEtehFsj48kRPerPGnjR5Zluu','197903242003121004','Syafruddin Ali Salaka, S.ST, M.Tr.Kep','syadhin79@gmail.com',true,'37');
INSERT INTO userweb (id, username, password, nip, nama, email, is_active, id_organisasi) VALUES((SELECT nextval('userweb_id_seq')),'mutiacut14@gmail.com','$2a$10$XlhmAJDYjbUyJUSRvGXH7OFdrkKchEtehFsj48kRPerPGnjR5Zluu','197606032002122003','Ns. Cut Mutia Tatisina, S.Kep.,M.Kep','mutiacut14@gmail.com',true,'30');
INSERT INTO userweb (id, username, password, nip, nama, email, is_active, id_organisasi) VALUES((SELECT nextval('userweb_id_seq')),'ners.nano@gmail.com','$2a$10$XlhmAJDYjbUyJUSRvGXH7OFdrkKchEtehFsj48kRPerPGnjR5Zluu','198105142006041010','Ns. Suratno Kaluku, S.Kep.,M.Kep','ners.nano@gmail.com',true,'30');
INSERT INTO userweb (id, username, password, nip, nama, email, is_active, id_organisasi) VALUES((SELECT nextval('userweb_id_seq')),'santiaprilian09@gmail.com','$2a$10$XlhmAJDYjbUyJUSRvGXH7OFdrkKchEtehFsj48kRPerPGnjR5Zluu','198104092005012003','Santi Aprilian Lestaluhu, S.Gz.,MPH','santiaprilian09@gmail.com',true,'30');
INSERT INTO userweb (id, username, password, nip, nama, email, is_active, id_organisasi) VALUES((SELECT nextval('userweb_id_seq')),'swinkhamaisya@gmail.com','$2a$10$XlhmAJDYjbUyJUSRvGXH7OFdrkKchEtehFsj48kRPerPGnjR5Zluu','196410161986032002','Sri Winarni, S.Pd, M.Kes','swinkhamaisya@gmail.com',true,'18');
INSERT INTO userweb (id, username, password, nip, nama, email, is_active, id_organisasi) VALUES((SELECT nextval('userweb_id_seq')),'handayani.poltekkes@gmail.com','$2a$10$XlhmAJDYjbUyJUSRvGXH7OFdrkKchEtehFsj48kRPerPGnjR5Zluu','86.06.2.113','Sri Handayaningsih, S.Pd','handayani.poltekkes@gmail.com',true,'18');
INSERT INTO userweb (id, username, password, nip, nama, email, is_active, id_organisasi) VALUES((SELECT nextval('userweb_id_seq')),'dinomks70@gmail.com','$2a$10$XlhmAJDYjbUyJUSRvGXH7OFdrkKchEtehFsj48kRPerPGnjR5Zluu','197006131998031002','Dr. Rudy Hartono, SKM, M.Kes','dinomks70@gmail.com',true,'28');
INSERT INTO userweb (id, username, password, nip, nama, email, is_active, id_organisasi) VALUES((SELECT nextval('userweb_id_seq')),'mira_andini@poltekkes-mks.ac.id','$2a$10$XlhmAJDYjbUyJUSRvGXH7OFdrkKchEtehFsj48kRPerPGnjR5Zluu','198811052010122001','Mira Andini, S.Gz','mira_andini@poltekkes-mks.ac.id',true,'28');
INSERT INTO userweb (id, username, password, nip, nama, email, is_active, id_organisasi) VALUES((SELECT nextval('userweb_id_seq')),'budirman@poltekkes-mkas.ac.id','$2a$10$XlhmAJDYjbUyJUSRvGXH7OFdrkKchEtehFsj48kRPerPGnjR5Zluu','198402012014021002','Budirman, S.ST','budirman@poltekkes-mkas.ac.id',true,'28');
INSERT INTO userweb (id, username, password, nip, nama, email, is_active, id_organisasi) VALUES((SELECT nextval('userweb_id_seq')),'y.ninyoman@gmail.com','$2a$10$XlhmAJDYjbUyJUSRvGXH7OFdrkKchEtehFsj48kRPerPGnjR5Zluu','197607121996032001','Ni Nyoman Yuliani, S.Si., S.Farm.,Apt., M.Si','y.ninyoman@gmail.com',true,'21');
INSERT INTO userweb (id, username, password, nip, nama, email, is_active, id_organisasi) VALUES((SELECT nextval('userweb_id_seq')),'cindypeny1508@gmail.com','$2a$10$XlhmAJDYjbUyJUSRvGXH7OFdrkKchEtehFsj48kRPerPGnjR5Zluu','-','Johana Art Cindy Peny, SH., MH','cindypeny1508@gmail.com',true,'21');
INSERT INTO userweb (id, username, password, nip, nama, email, is_active, id_organisasi) VALUES((SELECT nextval('userweb_id_seq')),'mibraarayatullah21@gmail.com','$2a$10$XlhmAJDYjbUyJUSRvGXH7OFdrkKchEtehFsj48kRPerPGnjR5Zluu','199405212019021001','M. Ibraar Ayatullah, A.Md.KG','mibraarayatullah21@gmail.com',true,'21');
INSERT INTO userweb (id, username, password, nip, nama, email, is_active, id_organisasi) VALUES((SELECT nextval('userweb_id_seq')),'suwarni.ani22@gmail.com','$2a$10$XlhmAJDYjbUyJUSRvGXH7OFdrkKchEtehFsj48kRPerPGnjR5Zluu','196706111990032001','SUWARNI, DCN., MPH','suwarni.ani22@gmail.com',true,'29');
INSERT INTO userweb (id, username, password, nip, nama, email, is_active, id_organisasi) VALUES((SELECT nextval('userweb_id_seq')),'uthyws@yahoo.com','$2a$10$XlhmAJDYjbUyJUSRvGXH7OFdrkKchEtehFsj48kRPerPGnjR5Zluu','-','NUR FATIMA WULELE S., SKM','uthyws@yahoo.com',true,'29');
INSERT INTO userweb (id, username, password, nip, nama, email, is_active, id_organisasi) VALUES((SELECT nextval('userweb_id_seq')),'muhammad.dahlan2013@gmail.com','$2a$10$XlhmAJDYjbUyJUSRvGXH7OFdrkKchEtehFsj48kRPerPGnjR5Zluu','-','MUHAMMAD DAHLAN, AMG','muhammad.dahlan2013@gmail.com',true,'29');
INSERT INTO userweb (id, username, password, nip, nama, email, is_active, id_organisasi) VALUES((SELECT nextval('userweb_id_seq')),'hildahilda71@gmail.com','$2a$10$XlhmAJDYjbUyJUSRvGXH7OFdrkKchEtehFsj48kRPerPGnjR5Zluu','197108122001122001','Hilda','hildahilda71@gmail.com',true,'25');
INSERT INTO userweb (id, username, password, nip, nama, email, is_active, id_organisasi) VALUES((SELECT nextval('userweb_id_seq')),'ivan.spd17@gmail.com','$2a$10$XlhmAJDYjbUyJUSRvGXH7OFdrkKchEtehFsj48kRPerPGnjR5Zluu','-','Ivan','ivan.spd17@gmail.com',true,'25');
INSERT INTO userweb (id, username, password, nip, nama, email, is_active, id_organisasi) VALUES((SELECT nextval('userweb_id_seq')),'jemskrmaay@yahoo.co.id','$2a$10$XlhmAJDYjbUyJUSRvGXH7OFdrkKchEtehFsj48kRPerPGnjR5Zluu','197807112001121004','Jems Kifen Roget Maay, S.Kep., Ns., M.Sc','jemskrmaay@yahoo.co.id',true,'32');
INSERT INTO userweb (id, username, password, nip, nama, email, is_active, id_organisasi) VALUES((SELECT nextval('userweb_id_seq')),'jrmaysa77@gmail.com','$2a$10$XlhmAJDYjbUyJUSRvGXH7OFdrkKchEtehFsj48kRPerPGnjR5Zluu','197707292000032003','Marlin Mayling Jarona, SKM., M.Kes','jrmaysa77@gmail.com',true,'32');
INSERT INTO userweb (id, username, password, nip, nama, email, is_active, id_organisasi) VALUES((SELECT nextval('userweb_id_seq')),'jochukristina4@gmail.com','$2a$10$XlhmAJDYjbUyJUSRvGXH7OFdrkKchEtehFsj48kRPerPGnjR5Zluu','-','Kristina Jochu, S.Si','jochukristina4@gmail.com',true,'32');
INSERT INTO userweb (id, username, password, nip, nama, email, is_active, id_organisasi) VALUES((SELECT nextval('userweb_id_seq')),'ida160565@gmail.com','$2a$10$XlhmAJDYjbUyJUSRvGXH7OFdrkKchEtehFsj48kRPerPGnjR5Zluu','19650516 198903 2 002 ','Nuraidah','ida160565@gmail.com',true,'6');
INSERT INTO userweb (id, username, password, nip, nama, email, is_active, id_organisasi) VALUES((SELECT nextval('userweb_id_seq')),'de_sa@ymail.com','$2a$10$XlhmAJDYjbUyJUSRvGXH7OFdrkKchEtehFsj48kRPerPGnjR5Zluu','197912132002122001','Devi Andriani','de_sa@ymail.com',true,'6');
INSERT INTO userweb (id, username, password, nip, nama, email, is_active, id_organisasi) VALUES((SELECT nextval('userweb_id_seq')),'arvidabar68@yahoo.co.id','$2a$10$XlhmAJDYjbUyJUSRvGXH7OFdrkKchEtehFsj48kRPerPGnjR5Zluu','196806111989032002','Arvida Bar','arvidabar68@yahoo.co.id',true,'6');
INSERT INTO userweb (id, username, password, nip, nama, email, is_active, id_organisasi) VALUES((SELECT nextval('userweb_id_seq')),'neniheryani1@gmail.com','$2a$10$XlhmAJDYjbUyJUSRvGXH7OFdrkKchEtehFsj48kRPerPGnjR5Zluu','195911031989032002','Neny Heryani','neniheryani1@gmail.com',true,'6');
INSERT INTO userweb (id, username, password, nip, nama, email, is_active, id_organisasi) VALUES((SELECT nextval('userweb_id_seq')),'jessynovitasari@yahoo.co.id','$2a$10$XlhmAJDYjbUyJUSRvGXH7OFdrkKchEtehFsj48kRPerPGnjR5Zluu','197311151994022001','Jessy Novita Sari','jessynovitasari@yahoo.co.id',true,'6');
INSERT INTO userweb (id, username, password, nip, nama, email, is_active, id_organisasi) VALUES((SELECT nextval('userweb_id_seq')),'fardiahtilawati@gmail.com','$2a$10$XlhmAJDYjbUyJUSRvGXH7OFdrkKchEtehFsj48kRPerPGnjR5Zluu','198802082009032001','Fardiah Tilawati Sitanggang','fardiahtilawati@gmail.com',true,'6');
INSERT INTO userweb (id, username, password, nip, nama, email, is_active, id_organisasi) VALUES((SELECT nextval('userweb_id_seq')),'azizah.lailan@yahoo.co.id','$2a$10$XlhmAJDYjbUyJUSRvGXH7OFdrkKchEtehFsj48kRPerPGnjR5Zluu','197805052006042010','Lailan Azizah','azizah.lailan@yahoo.co.id',true,'6');
INSERT INTO userweb (id, username, password, nip, nama, email, is_active, id_organisasi) VALUES((SELECT nextval('userweb_id_seq')),'sukarsihjambi@gmail.com','$2a$10$XlhmAJDYjbUyJUSRvGXH7OFdrkKchEtehFsj48kRPerPGnjR5Zluu','197103011994022001','Sukarsih','sukarsihjambi@gmail.com',true,'6');
INSERT INTO userweb (id, username, password, nip, nama, email, is_active, id_organisasi) VALUES((SELECT nextval('userweb_id_seq')),'Windatriana60@gmail.com','$2a$10$XlhmAJDYjbUyJUSRvGXH7OFdrkKchEtehFsj48kRPerPGnjR5Zluu','196911161988032001','Winda Triana','Windatriana60@gmail.com',true,'6');
INSERT INTO userweb (id, username, password, nip, nama, email, is_active, id_organisasi) VALUES((SELECT nextval('userweb_id_seq')),'yudhiaf@yahoo.com','$2a$10$XlhmAJDYjbUyJUSRvGXH7OFdrkKchEtehFsj48kRPerPGnjR5Zluu','197006131994032000','Dr. YUDHIA FRATIDHINA, SKM, M.Kes','yudhiaf@yahoo.com',true,'11');
INSERT INTO userweb (id, username, password, nip, nama, email, is_active, id_organisasi) VALUES((SELECT nextval('userweb_id_seq')),'dita.sulistyowati@yahoo.com','$2a$10$XlhmAJDYjbUyJUSRvGXH7OFdrkKchEtehFsj48kRPerPGnjR5Zluu','198010142005012000','Ns. DITA SULISTYOWATI, S.Kep., M.Kep','dita.sulistyowati@yahoo.com',true,'11');
INSERT INTO userweb (id, username, password, nip, nama, email, is_active, id_organisasi) VALUES((SELECT nextval('userweb_id_seq')),'tyo.asmo@gmail.com','$2a$10$XlhmAJDYjbUyJUSRvGXH7OFdrkKchEtehFsj48kRPerPGnjR5Zluu','197708022005011000','SULISTYO ASMORO, S.Kom, MKM','tyo.asmo@gmail.com',true,'11');
INSERT INTO userweb (id, username, password, nip, nama, email, is_active, id_organisasi) VALUES((SELECT nextval('userweb_id_seq')),'mayaguningsih@yahoo.com','$2a$10$XlhmAJDYjbUyJUSRvGXH7OFdrkKchEtehFsj48kRPerPGnjR5Zluu','-','MAYA GUNINGSIH','mayaguningsih@yahoo.com',true,'11');
INSERT INTO userweb (id, username, password, nip, nama, email, is_active, id_organisasi) VALUES((SELECT nextval('userweb_id_seq')),'aufklarung1899@gmail.com','$2a$10$XlhmAJDYjbUyJUSRvGXH7OFdrkKchEtehFsj48kRPerPGnjR5Zluu','-','MUHAMMAD FITRAHUDIN, S.Kom','aufklarung1899@gmail.com',true,'11');
INSERT INTO userweb (id, username, password, nip, nama, email, is_active, id_organisasi) VALUES((SELECT nextval('userweb_id_seq')),'ajan4567@yahoo.com','$2a$10$XlhmAJDYjbUyJUSRvGXH7OFdrkKchEtehFsj48kRPerPGnjR5Zluu','196705041992032004','Dr. Dra. Syarifah Miftahul El Jannah T.,M.Biomed','ajan4567@yahoo.com',true,'10');
INSERT INTO userweb (id, username, password, nip, nama, email, is_active, id_organisasi) VALUES((SELECT nextval('userweb_id_seq')),'yuni.cappricorn@gmail.com','$2a$10$XlhmAJDYjbUyJUSRvGXH7OFdrkKchEtehFsj48kRPerPGnjR5Zluu','','Jannah Wahyuni','yuni.cappricorn@gmail.com',true,'10');
INSERT INTO userweb (id, username, password, nip, nama, email, is_active, id_organisasi) VALUES((SELECT nextval('userweb_id_seq')),'enodamay@gmail.com','$2a$10$XlhmAJDYjbUyJUSRvGXH7OFdrkKchEtehFsj48kRPerPGnjR5Zluu','','Retno Damayanti Sari,AMTG','enodamay@gmail.com',true,'10');
INSERT INTO userweb (id, username, password, nip, nama, email, is_active, id_organisasi) VALUES((SELECT nextval('userweb_id_seq')),'pangalop@gmail.com','$2a$10$XlhmAJDYjbUyJUSRvGXH7OFdrkKchEtehFsj48kRPerPGnjR5Zluu','196503211984121001','Paulus Pangalo, SKM, M.Kes','pangalop@gmail.com',true,'33');
INSERT INTO userweb (id, username, password, nip, nama, email, is_active, id_organisasi) VALUES((SELECT nextval('userweb_id_seq')),'safrisalim73@gmail.com','$2a$10$XlhmAJDYjbUyJUSRvGXH7OFdrkKchEtehFsj48kRPerPGnjR5Zluu','197002012014121002','Safri Salim, Amd','safrisalim73@gmail.com',true,'33');
INSERT INTO userweb (id, username, password, nip, nama, email, is_active, id_organisasi) VALUES((SELECT nextval('userweb_id_seq')),'beflyekawatiotoluwa@gmail.com','$2a$10$XlhmAJDYjbUyJUSRvGXH7OFdrkKchEtehFsj48kRPerPGnjR5Zluu','198504192015032001','Befly Ekawati Otoluwa, Amd','beflyekawatiotoluwa@gmail.com',true,'33');
INSERT INTO userweb (id, username, password, nip, nama, email, is_active, id_organisasi) VALUES((SELECT nextval('userweb_id_seq')),'Atamaratha@gmail.com','$2a$10$XlhmAJDYjbUyJUSRvGXH7OFdrkKchEtehFsj48kRPerPGnjR5Zluu','-','Marta Mahmud, AMG','Atamaratha@gmail.com',true,'33');
INSERT INTO userweb (id, username, password, nip, nama, email, is_active, id_organisasi) VALUES((SELECT nextval('userweb_id_seq')),'suiraoka@gmail.com','$2a$10$XlhmAJDYjbUyJUSRvGXH7OFdrkKchEtehFsj48kRPerPGnjR5Zluu','197301241995031001','Dr. I Putu Suiraoka, S.ST., M.Kes.','suiraoka@gmail.com',true,'19');
INSERT INTO userweb (id, username, password, nip, nama, email, is_active, id_organisasi) VALUES((SELECT nextval('userweb_id_seq')),'suditayana@gmail.com','$2a$10$XlhmAJDYjbUyJUSRvGXH7OFdrkKchEtehFsj48kRPerPGnjR5Zluu','197411101999031002','I Gusti Putu Sudita Puryana, STP., MP','suditayana@gmail.com',true,'19');
INSERT INTO userweb (id, username, password, nip, nama, email, is_active, id_organisasi) VALUES((SELECT nextval('userweb_id_seq')),'tiensahmad1@gmail.com','$2a$10$XlhmAJDYjbUyJUSRvGXH7OFdrkKchEtehFsj48kRPerPGnjR5Zluu','196509271984122001','Suhartini SKM.MKM','tiensahmad1@gmail.com',true,'34');
INSERT INTO userweb (id, username, password, nip, nama, email, is_active, id_organisasi) VALUES((SELECT nextval('userweb_id_seq')),'nurulaeni1314@gmail.com','$2a$10$XlhmAJDYjbUyJUSRvGXH7OFdrkKchEtehFsj48kRPerPGnjR5Zluu','-','Nurul Aeni STr.Keb','nurulaeni1314@gmail.com',true,'34');
INSERT INTO userweb (id, username, password, nip, nama, email, is_active, id_organisasi) VALUES((SELECT nextval('userweb_id_seq')),'lenaf4dl1@gmail.com','$2a$10$XlhmAJDYjbUyJUSRvGXH7OFdrkKchEtehFsj48kRPerPGnjR5Zluu','197008251996032002','Mahdalena','lenaf4dl1@gmail.com',true,'23');
INSERT INTO userweb (id, username, password, nip, nama, email, is_active, id_organisasi) VALUES((SELECT nextval('userweb_id_seq')),'balimau24@gmail.com','$2a$10$XlhmAJDYjbUyJUSRvGXH7OFdrkKchEtehFsj48kRPerPGnjR5Zluu','-','Hijrah Fahrian','balimau24@gmail.com',true,'23');
INSERT INTO userweb (id, username, password, nip, nama, email, is_active, id_organisasi) VALUES((SELECT nextval('userweb_id_seq')),'wahdahbjm842@gmail.com','$2a$10$XlhmAJDYjbUyJUSRvGXH7OFdrkKchEtehFsj48kRPerPGnjR5Zluu','197104022007012025','Wahdah','wahdahbjm842@gmail.com',true,'23');
INSERT INTO userweb (id, username, password, nip, nama, email, is_active, id_organisasi) VALUES((SELECT nextval('userweb_id_seq')),'roronur70@yahoo.com','$2a$10$XlhmAJDYjbUyJUSRvGXH7OFdrkKchEtehFsj48kRPerPGnjR5Zluu','197007281993032002','Dr. Rr. Nur Fauziyah, SKM, MKM','roronur70@yahoo.com',true,'12');
INSERT INTO userweb (id, username, password, nip, nama, email, is_active, id_organisasi) VALUES((SELECT nextval('userweb_id_seq')),'gurid@staff.poltekkesbandung.ac.id','$2a$10$XlhmAJDYjbUyJUSRvGXH7OFdrkKchEtehFsj48kRPerPGnjR5Zluu','196507261988031001','Gurid Pramintarto Eko Mulyo, SKM., MSc','gurid@staff.poltekkesbandung.ac.id',true,'12');
INSERT INTO userweb (id, username, password, nip, nama, email, is_active, id_organisasi) VALUES((SELECT nextval('userweb_id_seq')),'senirahayusunarya@yahoo.co.id','$2a$10$XlhmAJDYjbUyJUSRvGXH7OFdrkKchEtehFsj48kRPerPGnjR5Zluu','198003052002122002','Seni Rahayu Sunarya, SST., M.Keb','senirahayusunarya@yahoo.co.id',true,'12');
INSERT INTO userweb (id, username, password, nip, nama, email, is_active, id_organisasi) VALUES((SELECT nextval('userweb_id_seq')),'a_isdiaty@yahoo.co.id','$2a$10$XlhmAJDYjbUyJUSRvGXH7OFdrkKchEtehFsj48kRPerPGnjR5Zluu','196802171990032003','Atty Isdiaty, SE.','a_isdiaty@yahoo.co.id',true,'12');
INSERT INTO userweb (id, username, password, nip, nama, email, is_active, id_organisasi) VALUES((SELECT nextval('userweb_id_seq')),'nandangwaluya@gmail.com','$2a$10$XlhmAJDYjbUyJUSRvGXH7OFdrkKchEtehFsj48kRPerPGnjR5Zluu','196908291994031004','Nandang A Waluya, SKp, M.Kep., Sp.KMB','nandangwaluya@gmail.com',true,'12');
INSERT INTO userweb (id, username, password, nip, nama, email, is_active, id_organisasi) VALUES((SELECT nextval('userweb_id_seq')),'Enungnurkhotimah2@gmail.com','$2a$10$XlhmAJDYjbUyJUSRvGXH7OFdrkKchEtehFsj48kRPerPGnjR5Zluu','197206222006042004','Enung Nurhotimah, SKM., MKM','Enungnurkhotimah2@gmail.com',true,'12');
INSERT INTO userweb (id, username, password, nip, nama, email, is_active, id_organisasi) VALUES((SELECT nextval('userweb_id_seq')),'ismail@poltekkesaceh.ac.id','$2a$10$XlhmAJDYjbUyJUSRvGXH7OFdrkKchEtehFsj48kRPerPGnjR5Zluu','197404022005011000','ISMAIL, SKM, M.Pd, M.Kes','ismail@poltekkesaceh.ac.id',true,'2');
INSERT INTO userweb (id, username, password, nip, nama, email, is_active, id_organisasi) VALUES((SELECT nextval('userweb_id_seq')),'norausrina87@gmail.com','$2a$10$XlhmAJDYjbUyJUSRvGXH7OFdrkKchEtehFsj48kRPerPGnjR5Zluu','198707022010032001','Nora Usrina, SST','norausrina87@gmail.com',true,'2');
INSERT INTO userweb (id, username, password, nip, nama, email, is_active, id_organisasi) VALUES((SELECT nextval('userweb_id_seq')),'thaila.nensis@gmail.com','$2a$10$XlhmAJDYjbUyJUSRvGXH7OFdrkKchEtehFsj48kRPerPGnjR5Zluu','198006012006042007','THAILA NENSIS, S.ST','thaila.nensis@gmail.com',true,'2');
INSERT INTO userweb (id, username, password, nip, nama, email, is_active, id_organisasi) VALUES((SELECT nextval('userweb_id_seq')),'yenirimadeni@gmail.com','$2a$10$XlhmAJDYjbUyJUSRvGXH7OFdrkKchEtehFsj48kRPerPGnjR5Zluu','198406182009042006','YENI RIMADENI, SKM, M.Si','yenirimadeni@gmail.com',true,'2');
INSERT INTO userweb (id, username, password, nip, nama, email, is_active, id_organisasi) VALUES((SELECT nextval('userweb_id_seq')),'nonongharis@gmail.com','$2a$10$XlhmAJDYjbUyJUSRvGXH7OFdrkKchEtehFsj48kRPerPGnjR5Zluu','197511052006042001','NONONG HANIS, SST','nonongharis@gmail.com',true,'2');
INSERT INTO userweb (id, username, password, nip, nama, email, is_active, id_organisasi) VALUES((SELECT nextval('userweb_id_seq')),'demsa_ui03@yahoo.com','$2a$10$XlhmAJDYjbUyJUSRvGXH7OFdrkKchEtehFsj48kRPerPGnjR5Zluu','197608172000032001','Dr. Demsa Simbolon, SKM., MKM','demsa_ui03@yahoo.com',true,'7');
INSERT INTO userweb (id, username, password, nip, nama, email, is_active, id_organisasi) VALUES((SELECT nextval('userweb_id_seq')),'gazalisdk@gmail.com','$2a$10$XlhmAJDYjbUyJUSRvGXH7OFdrkKchEtehFsj48kRPerPGnjR5Zluu','196407171988031005','Moh. Gazali, SKM., M.Sc','gazalisdk@gmail.com',true,'7');
INSERT INTO userweb (id, username, password, nip, nama, email, is_active, id_organisasi) VALUES((SELECT nextval('userweb_id_seq')),'putraadiirawan45@gmail.com','$2a$10$XlhmAJDYjbUyJUSRvGXH7OFdrkKchEtehFsj48kRPerPGnjR5Zluu','199002192019021001','Putra Adi Irawan, S.St., M.Si','putraadiirawan45@gmail.com',true,'7');
INSERT INTO userweb (id, username, password, nip, nama, email, is_active, id_organisasi) VALUES((SELECT nextval('userweb_id_seq')),'rinipatroni77@gmail.com','$2a$10$XlhmAJDYjbUyJUSRvGXH7OFdrkKchEtehFsj48kRPerPGnjR5Zluu','197705052005012001','Rini Patroni, M.Kes','rinipatroni77@gmail.com',true,'7');
INSERT INTO userweb (id, username, password, nip, nama, email, is_active, id_organisasi) VALUES((SELECT nextval('userweb_id_seq')),'wewetsvtr03@gmail.com','$2a$10$XlhmAJDYjbUyJUSRvGXH7OFdrkKchEtehFsj48kRPerPGnjR5Zluu','197410032000122003','Wewet Savitri, SST, M.Keb','wewetsvtr03@gmail.com',true,'7');
INSERT INTO userweb (id, username, password, nip, nama, email, is_active, id_organisasi) VALUES((SELECT nextval('userweb_id_seq')),'yatijumi70@yahoo.co.id','$2a$10$XlhmAJDYjbUyJUSRvGXH7OFdrkKchEtehFsj48kRPerPGnjR5Zluu','197502122001122001','Jumiyati, SKM., M.Gizi','yatijumi70@yahoo.co.id',true,'7');
INSERT INTO userweb (id, username, password, nip, nama, email, is_active, id_organisasi) VALUES((SELECT nextval('userweb_id_seq')),'Rosaliarina12@gmail.com','$2a$10$XlhmAJDYjbUyJUSRvGXH7OFdrkKchEtehFsj48kRPerPGnjR5Zluu','198705122009122001','Rosalia Rina Bathari, SKM','Rosaliarina12@gmail.com',true,'7');
INSERT INTO userweb (id, username, password, nip, nama, email, is_active, id_organisasi) VALUES((SELECT nextval('userweb_id_seq')),'aliyyahsiventri@gmail.com','$2a$10$XlhmAJDYjbUyJUSRvGXH7OFdrkKchEtehFsj48kRPerPGnjR5Zluu','-','Siventri, AMG','aliyyahsiventri@gmail.com',true,'7');

INSERT INTO userweb_has_role (id, id_userweb , id_role) VALUES((SELECT nextval('userweb_has_role_id_seq')),(select id from userweb where username = 'kherusubaris@gmail.com'), '7');
INSERT INTO userweb_has_role (id, id_userweb , id_role) VALUES((SELECT nextval('userweb_has_role_id_seq')),(select id from userweb where username = 'iskpande2002@gmail.com'), '26');
INSERT INTO userweb_has_role (id, id_userweb , id_role) VALUES((SELECT nextval('userweb_has_role_id_seq')),(select id from userweb where username = 'pratamawati@gmail.com'), '8');
INSERT INTO userweb_has_role (id, id_userweb , id_role) VALUES((SELECT nextval('userweb_has_role_id_seq')),(select id from userweb where username = 'prihatinsari81@gmail.com'), '26');
INSERT INTO userweb_has_role (id, id_userweb , id_role) VALUES((SELECT nextval('userweb_has_role_id_seq')),(select id from userweb where username = 'restynsun@gmai.com'), '8');
INSERT INTO userweb_has_role (id, id_userweb , id_role) VALUES((SELECT nextval('userweb_has_role_id_seq')),(select id from userweb where username = 'kamelia.emma@gmail.com'), '7');
INSERT INTO userweb_has_role (id, id_userweb , id_role) VALUES((SELECT nextval('userweb_has_role_id_seq')),(select id from userweb where username = 'diahnsutardjo@gmail.com'), '8');
INSERT INTO userweb_has_role (id, id_userweb , id_role) VALUES((SELECT nextval('userweb_has_role_id_seq')),(select id from userweb where username = 'irianti.biru@gmail.com'), '26');
INSERT INTO userweb_has_role (id, id_userweb , id_role) VALUES((SELECT nextval('userweb_has_role_id_seq')),(select id from userweb where username = 'diahdiah0948@gmail.com'), '7');
INSERT INTO userweb_has_role (id, id_userweb , id_role) VALUES((SELECT nextval('userweb_has_role_id_seq')),(select id from userweb where username = 'salina.junaidi@yahoo.co.id'), '8');
INSERT INTO userweb_has_role (id, id_userweb , id_role) VALUES((SELECT nextval('userweb_has_role_id_seq')),(select id from userweb where username = 'minda.maira@gmail.com'), '26');
INSERT INTO userweb_has_role (id, id_userweb , id_role) VALUES((SELECT nextval('userweb_has_role_id_seq')),(select id from userweb where username = 'lisakausar@yahoo.co.id'), '7');
INSERT INTO userweb_has_role (id, id_userweb , id_role) VALUES((SELECT nextval('userweb_has_role_id_seq')),(select id from userweb where username = 'it.tjk15@gmail.com'), '8');
INSERT INTO userweb_has_role (id, id_userweb , id_role) VALUES((SELECT nextval('userweb_has_role_id_seq')),(select id from userweb where username = 'yustin_nurkhoiriyah@yahoo.co.id'), '26');
INSERT INTO userweb_has_role (id, id_userweb , id_role) VALUES((SELECT nextval('userweb_has_role_id_seq')),(select id from userweb where username = 'setyorini.yuyun@gmail.com'), '7');
INSERT INTO userweb_has_role (id, id_userweb , id_role) VALUES((SELECT nextval('userweb_has_role_id_seq')),(select id from userweb where username = 'kurniamahananig@gmail.com'), '26');
INSERT INTO userweb_has_role (id, id_userweb , id_role) VALUES((SELECT nextval('userweb_has_role_id_seq')),(select id from userweb where username = 'melinda.yusanti@gmail.com'), '8');
INSERT INTO userweb_has_role (id, id_userweb , id_role) VALUES((SELECT nextval('userweb_has_role_id_seq')),(select id from userweb where username = 'setiawan.jemblung@yahoo.co.id'), '7');
INSERT INTO userweb_has_role (id, id_userweb , id_role) VALUES((SELECT nextval('userweb_has_role_id_seq')),(select id from userweb where username = 'herysumasto@yahoo.co.id'), '8');
INSERT INTO userweb_has_role (id, id_userweb , id_role) VALUES((SELECT nextval('userweb_has_role_id_seq')),(select id from userweb where username = 'fitri.rokhmalia-13@fkm.unair.ac.id'), '26');
INSERT INTO userweb_has_role (id, id_userweb , id_role) VALUES((SELECT nextval('userweb_has_role_id_seq')),(select id from userweb where username = 'normaepid@gmail.com'), '7');
INSERT INTO userweb_has_role (id, id_userweb , id_role) VALUES((SELECT nextval('userweb_has_role_id_seq')),(select id from userweb where username = 'yogik.setia89@gmail.com'), '8');
INSERT INTO userweb_has_role (id, id_userweb , id_role) VALUES((SELECT nextval('userweb_has_role_id_seq')),(select id from userweb where username = 'iyotamirkha@gmail.com'), '8');
INSERT INTO userweb_has_role (id, id_userweb , id_role) VALUES((SELECT nextval('userweb_has_role_id_seq')),(select id from userweb where username = 'rizqikamalah@gmail.com'), '8');
INSERT INTO userweb_has_role (id, id_userweb , id_role) VALUES((SELECT nextval('userweb_has_role_id_seq')),(select id from userweb where username = 'caturanitasari88@gmail.com'), '26');
INSERT INTO userweb_has_role (id, id_userweb , id_role) VALUES((SELECT nextval('userweb_has_role_id_seq')),(select id from userweb where username = 'choirul1960@gmail.com'), '7');
INSERT INTO userweb_has_role (id, id_userweb , id_role) VALUES((SELECT nextval('userweb_has_role_id_seq')),(select id from userweb where username = 'fatmasaridiyah@gmail.com'), '26');
INSERT INTO userweb_has_role (id, id_userweb , id_role) VALUES((SELECT nextval('userweb_has_role_id_seq')),(select id from userweb where username = 'sunarto.gizi@gmail.com'), '8');
INSERT INTO userweb_has_role (id, id_userweb , id_role) VALUES((SELECT nextval('userweb_has_role_id_seq')),(select id from userweb where username = 'marichatuljannah@poltekkes-smg.ac.id'), '8');
INSERT INTO userweb_has_role (id, id_userweb , id_role) VALUES((SELECT nextval('userweb_has_role_id_seq')),(select id from userweb where username = 'dian.enjas@gmail.com'), '26');
INSERT INTO userweb_has_role (id, id_userweb , id_role) VALUES((SELECT nextval('userweb_has_role_id_seq')),(select id from userweb where username = 'rosafaradila13@gmail.com'), '26');
INSERT INTO userweb_has_role (id, id_userweb , id_role) VALUES((SELECT nextval('userweb_has_role_id_seq')),(select id from userweb where username = 'fauzanmaruf@gmail.com'), '8');
INSERT INTO userweb_has_role (id, id_userweb , id_role) VALUES((SELECT nextval('userweb_has_role_id_seq')),(select id from userweb where username = 'aslis@pkr.ac.id'), '7');
INSERT INTO userweb_has_role (id, id_userweb , id_role) VALUES((SELECT nextval('userweb_has_role_id_seq')),(select id from userweb where username = 'ira@pkr.ac.id'), '8');
INSERT INTO userweb_has_role (id, id_userweb , id_role) VALUES((SELECT nextval('userweb_has_role_id_seq')),(select id from userweb where username = 'dita@pkr.ac.id'), '26');
INSERT INTO userweb_has_role (id, id_userweb , id_role) VALUES((SELECT nextval('userweb_has_role_id_seq')),(select id from userweb where username = 'edywaliyo.gizi@gmail.com'), '7');
INSERT INTO userweb_has_role (id, id_userweb , id_role) VALUES((SELECT nextval('userweb_has_role_id_seq')),(select id from userweb where username = 'maulidiyahsalim@gmail.com'), '8');
INSERT INTO userweb_has_role (id, id_userweb , id_role) VALUES((SELECT nextval('userweb_has_role_id_seq')),(select id from userweb where username = 'mahira_05@yahoo.co.id'), '26');
INSERT INTO userweb_has_role (id, id_userweb , id_role) VALUES((SELECT nextval('userweb_has_role_id_seq')),(select id from userweb where username = 'ernichaerani15@gmail.com'), '26');
INSERT INTO userweb_has_role (id, id_userweb , id_role) VALUES((SELECT nextval('userweb_has_role_id_seq')),(select id from userweb where username = 'ayufwulanda@gmail.com'), '8');
INSERT INTO userweb_has_role (id, id_userweb , id_role) VALUES((SELECT nextval('userweb_has_role_id_seq')),(select id from userweb where username = 'atybm27@gmail.com'), '26');
INSERT INTO userweb_has_role (id, id_userweb , id_role) VALUES((SELECT nextval('userweb_has_role_id_seq')),(select id from userweb where username = 'novidi2011@gmail.com'), '26');
INSERT INTO userweb_has_role (id, id_userweb , id_role) VALUES((SELECT nextval('userweb_has_role_id_seq')),(select id from userweb where username = 'teszapermata@gmail.com'), '26');
INSERT INTO userweb_has_role (id, id_userweb , id_role) VALUES((SELECT nextval('userweb_has_role_id_seq')),(select id from userweb where username = 'muhamadseto@gmail.com'), '26');
INSERT INTO userweb_has_role (id, id_userweb , id_role) VALUES((SELECT nextval('userweb_has_role_id_seq')),(select id from userweb where username = 'hafid.fahmi79@gmail.com'), '7');
INSERT INTO userweb_has_role (id, id_userweb , id_role) VALUES((SELECT nextval('userweb_has_role_id_seq')),(select id from userweb where username = 'aminuddinpalu3@mail.com'), '8');
INSERT INTO userweb_has_role (id, id_userweb , id_role) VALUES((SELECT nextval('userweb_has_role_id_seq')),(select id from userweb where username = 'tkciichal@gmail.com'), '26');
INSERT INTO userweb_has_role (id, id_userweb , id_role) VALUES((SELECT nextval('userweb_has_role_id_seq')),(select id from userweb where username = 'sonlimar@poltekkespalembang.ac.id'), '7');
INSERT INTO userweb_has_role (id, id_userweb , id_role) VALUES((SELECT nextval('userweb_has_role_id_seq')),(select id from userweb where username = 'fajriahpurnama89@gmail.com'), '26');
INSERT INTO userweb_has_role (id, id_userweb , id_role) VALUES((SELECT nextval('userweb_has_role_id_seq')),(select id from userweb where username = 'martafahrizal@yahoo.co.id'), '26');
INSERT INTO userweb_has_role (id, id_userweb , id_role) VALUES((SELECT nextval('userweb_has_role_id_seq')),(select id from userweb where username = 'bambang@poltekkespalembang.ac.id'), '8');
INSERT INTO userweb_has_role (id, id_userweb , id_role) VALUES((SELECT nextval('userweb_has_role_id_seq')),(select id from userweb where username = 'mheriteluna@yahoo.com'), '7');
INSERT INTO userweb_has_role (id, id_userweb , id_role) VALUES((SELECT nextval('userweb_has_role_id_seq')),(select id from userweb where username = 'sofizline@gmail.com'), '8');
INSERT INTO userweb_has_role (id, id_userweb , id_role) VALUES((SELECT nextval('userweb_has_role_id_seq')),(select id from userweb where username = 'yuniartiamit@yahoo.com'), '8');
INSERT INTO userweb_has_role (id, id_userweb , id_role) VALUES((SELECT nextval('userweb_has_role_id_seq')),(select id from userweb where username = 'irenefebrianiui@gmail.com'), '26');
INSERT INTO userweb_has_role (id, id_userweb , id_role) VALUES((SELECT nextval('userweb_has_role_id_seq')),(select id from userweb where username = 'destinady.kmiden@gmail.com'), '26');
INSERT INTO userweb_has_role (id, id_userweb , id_role) VALUES((SELECT nextval('userweb_has_role_id_seq')),(select id from userweb where username = 'yulivabakar@yahoo.co.id'), '7');
INSERT INTO userweb_has_role (id, id_userweb , id_role) VALUES((SELECT nextval('userweb_has_role_id_seq')),(select id from userweb where username = 'gusnedi02@gmail.com'), '8');
INSERT INTO userweb_has_role (id, id_userweb , id_role) VALUES((SELECT nextval('userweb_has_role_id_seq')),(select id from userweb where username = 'alsriwindradoni@gmail.com'), '26');
INSERT INTO userweb_has_role (id, id_userweb , id_role) VALUES((SELECT nextval('userweb_has_role_id_seq')),(select id from userweb where username = 'zn.poltekkesmedan@gmail.com'), '7');
INSERT INTO userweb_has_role (id, id_userweb , id_role) VALUES((SELECT nextval('userweb_has_role_id_seq')),(select id from userweb where username = 'erlidaulay@gmail.com'), '8');
INSERT INTO userweb_has_role (id, id_userweb , id_role) VALUES((SELECT nextval('userweb_has_role_id_seq')),(select id from userweb where username = 'likasiemitasebayang@gmail.com'), '26');
INSERT INTO userweb_has_role (id, id_userweb , id_role) VALUES((SELECT nextval('userweb_has_role_id_seq')),(select id from userweb where username = 'maruniwiwindiarti@yahoo.com'), '7');
INSERT INTO userweb_has_role (id, id_userweb , id_role) VALUES((SELECT nextval('userweb_has_role_id_seq')),(select id from userweb where username = 'ellyeutami@gmail.com'), '8');
INSERT INTO userweb_has_role (id, id_userweb , id_role) VALUES((SELECT nextval('userweb_has_role_id_seq')),(select id from userweb where username = 'pupasurafany@gmail.com'), '26');
INSERT INTO userweb_has_role (id, id_userweb , id_role) VALUES((SELECT nextval('userweb_has_role_id_seq')),(select id from userweb where username = 'stevsoe01@gmail.com'), '7');
INSERT INTO userweb_has_role (id, id_userweb , id_role) VALUES((SELECT nextval('userweb_has_role_id_seq')),(select id from userweb where username = 'ingsoe86@gmail.com'), '26');
INSERT INTO userweb_has_role (id, id_userweb , id_role) VALUES((SELECT nextval('userweb_has_role_id_seq')),(select id from userweb where username = 'rayditto.a.makalalag@gmail.com'), '8');
INSERT INTO userweb_has_role (id, id_userweb , id_role) VALUES((SELECT nextval('userweb_has_role_id_seq')),(select id from userweb where username = 'irmamuslimin.poltekkes@gmail.com'), '7');
INSERT INTO userweb_has_role (id, id_userweb , id_role) VALUES((SELECT nextval('userweb_has_role_id_seq')),(select id from userweb where username = 'bukansiti_nurbaya@yahoo.com'), '26');
INSERT INTO userweb_has_role (id, id_userweb , id_role) VALUES((SELECT nextval('userweb_has_role_id_seq')),(select id from userweb where username = 'syadhin79@gmail.com'), '8');
INSERT INTO userweb_has_role (id, id_userweb , id_role) VALUES((SELECT nextval('userweb_has_role_id_seq')),(select id from userweb where username = 'mutiacut14@gmail.com'), '7');
INSERT INTO userweb_has_role (id, id_userweb , id_role) VALUES((SELECT nextval('userweb_has_role_id_seq')),(select id from userweb where username = 'ners.nano@gmail.com'), '8');
INSERT INTO userweb_has_role (id, id_userweb , id_role) VALUES((SELECT nextval('userweb_has_role_id_seq')),(select id from userweb where username = 'santiaprilian09@gmail.com'), '26');
INSERT INTO userweb_has_role (id, id_userweb , id_role) VALUES((SELECT nextval('userweb_has_role_id_seq')),(select id from userweb where username = 'swinkhamaisya@gmail.com'), '7');
INSERT INTO userweb_has_role (id, id_userweb , id_role) VALUES((SELECT nextval('userweb_has_role_id_seq')),(select id from userweb where username = 'handayani.poltekkes@gmail.com'), '26');
INSERT INTO userweb_has_role (id, id_userweb , id_role) VALUES((SELECT nextval('userweb_has_role_id_seq')),(select id from userweb where username = 'dinomks70@gmail.com'), '7');
INSERT INTO userweb_has_role (id, id_userweb , id_role) VALUES((SELECT nextval('userweb_has_role_id_seq')),(select id from userweb where username = 'mira_andini@poltekkes-mks.ac.id'), '26');
INSERT INTO userweb_has_role (id, id_userweb , id_role) VALUES((SELECT nextval('userweb_has_role_id_seq')),(select id from userweb where username = 'budirman@poltekkes-mkas.ac.id'), '8');
INSERT INTO userweb_has_role (id, id_userweb , id_role) VALUES((SELECT nextval('userweb_has_role_id_seq')),(select id from userweb where username = 'y.ninyoman@gmail.com'), '7');
INSERT INTO userweb_has_role (id, id_userweb , id_role) VALUES((SELECT nextval('userweb_has_role_id_seq')),(select id from userweb where username = 'cindypeny1508@gmail.com'), '26');
INSERT INTO userweb_has_role (id, id_userweb , id_role) VALUES((SELECT nextval('userweb_has_role_id_seq')),(select id from userweb where username = 'mibraarayatullah21@gmail.com'), '8');
INSERT INTO userweb_has_role (id, id_userweb , id_role) VALUES((SELECT nextval('userweb_has_role_id_seq')),(select id from userweb where username = 'suwarni.ani22@gmail.com'), '7');
INSERT INTO userweb_has_role (id, id_userweb , id_role) VALUES((SELECT nextval('userweb_has_role_id_seq')),(select id from userweb where username = 'uthyws@yahoo.com'), '26');
INSERT INTO userweb_has_role (id, id_userweb , id_role) VALUES((SELECT nextval('userweb_has_role_id_seq')),(select id from userweb where username = 'muhammad.dahlan2013@gmail.com'), '8');
INSERT INTO userweb_has_role (id, id_userweb , id_role) VALUES((SELECT nextval('userweb_has_role_id_seq')),(select id from userweb where username = 'hildahilda71@gmail.com'), '7');
INSERT INTO userweb_has_role (id, id_userweb , id_role) VALUES((SELECT nextval('userweb_has_role_id_seq')),(select id from userweb where username = 'ivan.spd17@gmail.com'), '26');
INSERT INTO userweb_has_role (id, id_userweb , id_role) VALUES((SELECT nextval('userweb_has_role_id_seq')),(select id from userweb where username = 'jemskrmaay@yahoo.co.id'), '7');
INSERT INTO userweb_has_role (id, id_userweb , id_role) VALUES((SELECT nextval('userweb_has_role_id_seq')),(select id from userweb where username = 'jrmaysa77@gmail.com'), '8');
INSERT INTO userweb_has_role (id, id_userweb , id_role) VALUES((SELECT nextval('userweb_has_role_id_seq')),(select id from userweb where username = 'jochukristina4@gmail.com'), '26');
INSERT INTO userweb_has_role (id, id_userweb , id_role) VALUES((SELECT nextval('userweb_has_role_id_seq')),(select id from userweb where username = 'ida160565@gmail.com'), '7');
INSERT INTO userweb_has_role (id, id_userweb , id_role) VALUES((SELECT nextval('userweb_has_role_id_seq')),(select id from userweb where username = 'de_sa@ymail.com'), '26');
INSERT INTO userweb_has_role (id, id_userweb , id_role) VALUES((SELECT nextval('userweb_has_role_id_seq')),(select id from userweb where username = 'arvidabar68@yahoo.co.id'), '26');
INSERT INTO userweb_has_role (id, id_userweb , id_role) VALUES((SELECT nextval('userweb_has_role_id_seq')),(select id from userweb where username = 'neniheryani1@gmail.com'), '26');
INSERT INTO userweb_has_role (id, id_userweb , id_role) VALUES((SELECT nextval('userweb_has_role_id_seq')),(select id from userweb where username = 'jessynovitasari@yahoo.co.id'), '26');
INSERT INTO userweb_has_role (id, id_userweb , id_role) VALUES((SELECT nextval('userweb_has_role_id_seq')),(select id from userweb where username = 'fardiahtilawati@gmail.com'), '26');
INSERT INTO userweb_has_role (id, id_userweb , id_role) VALUES((SELECT nextval('userweb_has_role_id_seq')),(select id from userweb where username = 'azizah.lailan@yahoo.co.id'), '26');
INSERT INTO userweb_has_role (id, id_userweb , id_role) VALUES((SELECT nextval('userweb_has_role_id_seq')),(select id from userweb where username = 'sukarsihjambi@gmail.com'), '26');
INSERT INTO userweb_has_role (id, id_userweb , id_role) VALUES((SELECT nextval('userweb_has_role_id_seq')),(select id from userweb where username = 'Windatriana60@gmail.com'), '26');
INSERT INTO userweb_has_role (id, id_userweb , id_role) VALUES((SELECT nextval('userweb_has_role_id_seq')),(select id from userweb where username = 'yudhiaf@yahoo.com'), '7');
INSERT INTO userweb_has_role (id, id_userweb , id_role) VALUES((SELECT nextval('userweb_has_role_id_seq')),(select id from userweb where username = 'dita.sulistyowati@yahoo.com'), '8');
INSERT INTO userweb_has_role (id, id_userweb , id_role) VALUES((SELECT nextval('userweb_has_role_id_seq')),(select id from userweb where username = 'tyo.asmo@gmail.com'), '8');
INSERT INTO userweb_has_role (id, id_userweb , id_role) VALUES((SELECT nextval('userweb_has_role_id_seq')),(select id from userweb where username = 'mayaguningsih@yahoo.com'), '26');
INSERT INTO userweb_has_role (id, id_userweb , id_role) VALUES((SELECT nextval('userweb_has_role_id_seq')),(select id from userweb where username = 'aufklarung1899@gmail.com'), '26');
INSERT INTO userweb_has_role (id, id_userweb , id_role) VALUES((SELECT nextval('userweb_has_role_id_seq')),(select id from userweb where username = 'ajan4567@yahoo.com'), '7');
INSERT INTO userweb_has_role (id, id_userweb , id_role) VALUES((SELECT nextval('userweb_has_role_id_seq')),(select id from userweb where username = 'yuni.cappricorn@gmail.com'), '8');
INSERT INTO userweb_has_role (id, id_userweb , id_role) VALUES((SELECT nextval('userweb_has_role_id_seq')),(select id from userweb where username = 'enodamay@gmail.com'), '26');
INSERT INTO userweb_has_role (id, id_userweb , id_role) VALUES((SELECT nextval('userweb_has_role_id_seq')),(select id from userweb where username = 'pangalop@gmail.com'), '7');
INSERT INTO userweb_has_role (id, id_userweb , id_role) VALUES((SELECT nextval('userweb_has_role_id_seq')),(select id from userweb where username = 'safrisalim73@gmail.com'), '8');
INSERT INTO userweb_has_role (id, id_userweb , id_role) VALUES((SELECT nextval('userweb_has_role_id_seq')),(select id from userweb where username = 'beflyekawatiotoluwa@gmail.com'), '26');
INSERT INTO userweb_has_role (id, id_userweb , id_role) VALUES((SELECT nextval('userweb_has_role_id_seq')),(select id from userweb where username = 'Atamaratha@gmail.com'), '26');
INSERT INTO userweb_has_role (id, id_userweb , id_role) VALUES((SELECT nextval('userweb_has_role_id_seq')),(select id from userweb where username = 'suiraoka@gmail.com'), '7');
INSERT INTO userweb_has_role (id, id_userweb , id_role) VALUES((SELECT nextval('userweb_has_role_id_seq')),(select id from userweb where username = 'suditayana@gmail.com'), '26');
INSERT INTO userweb_has_role (id, id_userweb , id_role) VALUES((SELECT nextval('userweb_has_role_id_seq')),(select id from userweb where username = 'tiensahmad1@gmail.com'), '7');
INSERT INTO userweb_has_role (id, id_userweb , id_role) VALUES((SELECT nextval('userweb_has_role_id_seq')),(select id from userweb where username = 'nurulaeni1314@gmail.com'), '26');
INSERT INTO userweb_has_role (id, id_userweb , id_role) VALUES((SELECT nextval('userweb_has_role_id_seq')),(select id from userweb where username = 'lenaf4dl1@gmail.com'), '7');
INSERT INTO userweb_has_role (id, id_userweb , id_role) VALUES((SELECT nextval('userweb_has_role_id_seq')),(select id from userweb where username = 'balimau24@gmail.com'), '8');
INSERT INTO userweb_has_role (id, id_userweb , id_role) VALUES((SELECT nextval('userweb_has_role_id_seq')),(select id from userweb where username = 'wahdahbjm842@gmail.com'), '26');
INSERT INTO userweb_has_role (id, id_userweb , id_role) VALUES((SELECT nextval('userweb_has_role_id_seq')),(select id from userweb where username = 'roronur70@yahoo.com'), '26');
INSERT INTO userweb_has_role (id, id_userweb , id_role) VALUES((SELECT nextval('userweb_has_role_id_seq')),(select id from userweb where username = 'gurid@staff.poltekkesbandung.ac.id'), '26');
INSERT INTO userweb_has_role (id, id_userweb , id_role) VALUES((SELECT nextval('userweb_has_role_id_seq')),(select id from userweb where username = 'senirahayusunarya@yahoo.co.id'), '26');
INSERT INTO userweb_has_role (id, id_userweb , id_role) VALUES((SELECT nextval('userweb_has_role_id_seq')),(select id from userweb where username = 'a_isdiaty@yahoo.co.id'), '26');
INSERT INTO userweb_has_role (id, id_userweb , id_role) VALUES((SELECT nextval('userweb_has_role_id_seq')),(select id from userweb where username = 'nandangwaluya@gmail.com'), '26');
INSERT INTO userweb_has_role (id, id_userweb , id_role) VALUES((SELECT nextval('userweb_has_role_id_seq')),(select id from userweb where username = 'Enungnurkhotimah2@gmail.com'), '26');
INSERT INTO userweb_has_role (id, id_userweb , id_role) VALUES((SELECT nextval('userweb_has_role_id_seq')),(select id from userweb where username = 'ismail@poltekkesaceh.ac.id'), '7');
INSERT INTO userweb_has_role (id, id_userweb , id_role) VALUES((SELECT nextval('userweb_has_role_id_seq')),(select id from userweb where username = 'norausrina87@gmail.com'), '8');
INSERT INTO userweb_has_role (id, id_userweb , id_role) VALUES((SELECT nextval('userweb_has_role_id_seq')),(select id from userweb where username = 'thaila.nensis@gmail.com'), '26');
INSERT INTO userweb_has_role (id, id_userweb , id_role) VALUES((SELECT nextval('userweb_has_role_id_seq')),(select id from userweb where username = 'yenirimadeni@gmail.com'), '26');
INSERT INTO userweb_has_role (id, id_userweb , id_role) VALUES((SELECT nextval('userweb_has_role_id_seq')),(select id from userweb where username = 'nonongharis@gmail.com'), '26');
INSERT INTO userweb_has_role (id, id_userweb , id_role) VALUES((SELECT nextval('userweb_has_role_id_seq')),(select id from userweb where username = 'demsa_ui03@yahoo.com'), '7');
INSERT INTO userweb_has_role (id, id_userweb , id_role) VALUES((SELECT nextval('userweb_has_role_id_seq')),(select id from userweb where username = 'gazalisdk@gmail.com'), '8');
INSERT INTO userweb_has_role (id, id_userweb , id_role) VALUES((SELECT nextval('userweb_has_role_id_seq')),(select id from userweb where username = 'putraadiirawan45@gmail.com'), '8');
INSERT INTO userweb_has_role (id, id_userweb , id_role) VALUES((SELECT nextval('userweb_has_role_id_seq')),(select id from userweb where username = 'rinipatroni77@gmail.com'), '8');
INSERT INTO userweb_has_role (id, id_userweb , id_role) VALUES((SELECT nextval('userweb_has_role_id_seq')),(select id from userweb where username = 'wewetsvtr03@gmail.com'), '8');
INSERT INTO userweb_has_role (id, id_userweb , id_role) VALUES((SELECT nextval('userweb_has_role_id_seq')),(select id from userweb where username = 'yatijumi70@yahoo.co.id'), '8');
INSERT INTO userweb_has_role (id, id_userweb , id_role) VALUES((SELECT nextval('userweb_has_role_id_seq')),(select id from userweb where username = 'Rosaliarina12@gmail.com'), '26');
INSERT INTO userweb_has_role (id, id_userweb , id_role) VALUES((SELECT nextval('userweb_has_role_id_seq')),(select id from userweb where username = 'aliyyahsiventri@gmail.com'), '26');

